model,fold,system,pair_id,construct_i,construct_j,true_direction,predicted_direction,probability_i_gt_j,probability_j_gt_i,pairwise_margin,correct,literature_prior_logit,unordered_pair_counted_once
M0_GLOBAL_PSCI_PAIRWISE,D-PA,D-PA,DPA_PAIR_01,DPA_T01,DPA_T02,1,-1,0.4835398114525584,0.5164601885474416,0.03292037709488316,False,-0.4396964001174073,True
M0_GLOBAL_PSCI_PAIRWISE,D-PA,D-PA,DPA_PAIR_02,DPA_T01,DPA_T03,1,-1,0.3807691506937555,0.6192308493062445,0.238461698612489,False,-0.9810200221248018,True
M0_GLOBAL_PSCI_PAIRWISE,D-PA,D-PA,DPA_PAIR_03,DPA_T01,DPA_T04,1,1,0.7998580560844272,0.20014194391557283,0.5997161121688543,True,-1.420716422242209,True
M0_GLOBAL_PSCI_PAIRWISE,D-PA,D-PA,DPA_PAIR_04,DPA_T02,DPA_T03,-1,-1,0.3964161804611984,0.6035838195388016,0.20716763907760316,True,-0.5413236220073945,True
M0_GLOBAL_PSCI_PAIRWISE,D-PA,D-PA,DPA_PAIR_05,DPA_T02,DPA_T04,1,1,0.8101941191856049,0.1898058808143951,0.6203882383712098,True,-0.9810200221248018,True
M0_GLOBAL_PSCI_PAIRWISE,D-PA,D-PA,DPA_PAIR_06,DPA_T03,DPA_T04,1,1,0.8666539695114508,0.1333460304885492,0.7333079390229016,True,-0.4396964001174073,True
M1_LITERATURE_PRIOR,D-PA,D-PA,DPA_PAIR_01,DPA_T01,DPA_T02,1,-1,0.39181331340533504,0.608186686594665,0.21637337318932992,False,-0.4396964001174073,True
M1_LITERATURE_PRIOR,D-PA,D-PA,DPA_PAIR_02,DPA_T01,DPA_T03,1,-1,0.27268943586609873,0.7273105641339013,0.45462112826780254,False,-0.9810200221248018,True
M1_LITERATURE_PRIOR,D-PA,D-PA,DPA_PAIR_03,DPA_T01,DPA_T04,1,-1,0.19454929575397722,0.8054507042460228,0.6109014084920456,False,-1.420716422242209,True
M1_LITERATURE_PRIOR,D-PA,D-PA,DPA_PAIR_04,DPA_T02,DPA_T03,-1,-1,0.36787972780670253,0.6321202721932975,0.26424054438659494,True,-0.5413236220073945,True
M1_LITERATURE_PRIOR,D-PA,D-PA,DPA_PAIR_05,DPA_T02,DPA_T04,1,-1,0.27268943586609873,0.7273105641339013,0.45462112826780254,False,-0.9810200221248018,True
M1_LITERATURE_PRIOR,D-PA,D-PA,DPA_PAIR_06,DPA_T03,DPA_T04,1,-1,0.39181331340533504,0.608186686594665,0.21637337318932992,False,-0.4396964001174073,True
M2_PRIOR_PLUS_PSCI,D-PA,D-PA,DPA_PAIR_01,DPA_T01,DPA_T02,1,1,0.5865581786604384,0.41344182133956164,0.1731163573208767,True,-0.4396964001174073,True
M2_PRIOR_PLUS_PSCI,D-PA,D-PA,DPA_PAIR_02,DPA_T01,DPA_T03,1,1,0.576293576128044,0.423706423871956,0.152587152256088,True,-0.9810200221248018,True
M2_PRIOR_PLUS_PSCI,D-PA,D-PA,DPA_PAIR_03,DPA_T01,DPA_T04,1,1,0.9001709702791494,0.09982902972085061,0.8003419405582988,True,-1.420716422242209,True
M2_PRIOR_PLUS_PSCI,D-PA,D-PA,DPA_PAIR_04,DPA_T02,DPA_T03,-1,-1,0.48945689792630886,0.5105431020736911,0.02108620414738227,True,-0.5413236220073945,True
M2_PRIOR_PLUS_PSCI,D-PA,D-PA,DPA_PAIR_05,DPA_T02,DPA_T04,1,1,0.8640531918919381,0.13594680810806192,0.7281063837838762,True,-0.9810200221248018,True
M2_PRIOR_PLUS_PSCI,D-PA,D-PA,DPA_PAIR_06,DPA_T03,DPA_T04,1,1,0.8689320797999919,0.13106792020000813,0.7378641595999837,True,-0.4396964001174073,True
M3_SYSTEM_CONDITIONED_PSCI,D-PA,D-PA,DPA_PAIR_01,DPA_T01,DPA_T02,1,1,0.9913917490125562,0.008608250987443777,0.9827834980251124,True,-0.4396964001174073,True
M3_SYSTEM_CONDITIONED_PSCI,D-PA,D-PA,DPA_PAIR_02,DPA_T01,DPA_T03,1,-1,0.05169058537434356,0.9483094146256564,0.8966188292513129,False,-0.9810200221248018,True
M3_SYSTEM_CONDITIONED_PSCI,D-PA,D-PA,DPA_PAIR_03,DPA_T01,DPA_T04,1,1,0.8444109775346204,0.15558902246537964,0.6888219550692407,True,-1.420716422242209,True
M3_SYSTEM_CONDITIONED_PSCI,D-PA,D-PA,DPA_PAIR_04,DPA_T02,DPA_T03,-1,-1,0.0004730701099509663,0.999526929890049,0.9990538597800981,True,-0.5413236220073945,True
M3_SYSTEM_CONDITIONED_PSCI,D-PA,D-PA,DPA_PAIR_05,DPA_T02,DPA_T04,1,-1,0.04500350280368122,0.9549964971963187,0.9099929943926376,False,-0.9810200221248018,True
M3_SYSTEM_CONDITIONED_PSCI,D-PA,D-PA,DPA_PAIR_06,DPA_T03,DPA_T04,1,1,0.9900563374420595,0.009943662557940547,0.9801126748841189,True,-0.4396964001174073,True
M0_GLOBAL_PSCI_PAIRWISE,GI-DAE,GI-DAE,GIDAE_PAIR_01,GIDAE_T01,GIDAE_T02,1,-1,0.289887367603806,0.7101126323961939,0.420225264792388,False,-0.4396964001174073,True
M0_GLOBAL_PSCI_PAIRWISE,GI-DAE,GI-DAE,GIDAE_PAIR_02,GIDAE_T01,GIDAE_T03,-1,-1,0.10082680114557768,0.8991731988544223,0.7983463977088446,True,-0.9810200221248018,True
M0_GLOBAL_PSCI_PAIRWISE,GI-DAE,GI-DAE,GIDAE_PAIR_03,GIDAE_T01,GIDAE_T04,1,-1,0.12488316775363976,0.8751168322463603,0.7502336644927204,False,-1.420716422242209,True
M0_GLOBAL_PSCI_PAIRWISE,GI-DAE,GI-DAE,GIDAE_PAIR_04,GIDAE_T02,GIDAE_T03,-1,-1,0.2154907574480124,0.7845092425519876,0.5690184851039752,True,-0.5413236220073945,True
M0_GLOBAL_PSCI_PAIRWISE,GI-DAE,GI-DAE,GIDAE_PAIR_05,GIDAE_T02,GIDAE_T04,1,-1,0.2590239791811593,0.7409760208188407,0.48195204163768135,False,-0.9810200221248018,True
M0_GLOBAL_PSCI_PAIRWISE,GI-DAE,GI-DAE,GIDAE_PAIR_06,GIDAE_T03,GIDAE_T04,1,1,0.5599829130527388,0.44001708694726116,0.11996582610547768,True,-0.4396964001174073,True
M1_LITERATURE_PRIOR,GI-DAE,GI-DAE,GIDAE_PAIR_01,GIDAE_T01,GIDAE_T02,1,-1,0.39181331340533504,0.608186686594665,0.21637337318932992,False,-0.4396964001174073,True
M1_LITERATURE_PRIOR,GI-DAE,GI-DAE,GIDAE_PAIR_02,GIDAE_T01,GIDAE_T03,-1,-1,0.27268943586609873,0.7273105641339013,0.45462112826780254,True,-0.9810200221248018,True
M1_LITERATURE_PRIOR,GI-DAE,GI-DAE,GIDAE_PAIR_03,GIDAE_T01,GIDAE_T04,1,-1,0.19454929575397722,0.8054507042460228,0.6109014084920456,False,-1.420716422242209,True
M1_LITERATURE_PRIOR,GI-DAE,GI-DAE,GIDAE_PAIR_04,GIDAE_T02,GIDAE_T03,-1,-1,0.36787972780670253,0.6321202721932975,0.26424054438659494,True,-0.5413236220073945,True
M1_LITERATURE_PRIOR,GI-DAE,GI-DAE,GIDAE_PAIR_05,GIDAE_T02,GIDAE_T04,1,-1,0.27268943586609873,0.7273105641339013,0.45462112826780254,False,-0.9810200221248018,True
M1_LITERATURE_PRIOR,GI-DAE,GI-DAE,GIDAE_PAIR_06,GIDAE_T03,GIDAE_T04,1,-1,0.39181331340533504,0.608186686594665,0.21637337318932992,False,-0.4396964001174073,True
M2_PRIOR_PLUS_PSCI,GI-DAE,GI-DAE,GIDAE_PAIR_01,GIDAE_T01,GIDAE_T02,1,-1,0.41989788647536774,0.5801021135246323,0.1602042270492645,False,-0.4396964001174073,True
M2_PRIOR_PLUS_PSCI,GI-DAE,GI-DAE,GIDAE_PAIR_02,GIDAE_T01,GIDAE_T03,-1,-1,0.23284784737855396,0.767152152621446,0.5343043052428921,True,-0.9810200221248018,True
M2_PRIOR_PLUS_PSCI,GI-DAE,GI-DAE,GIDAE_PAIR_03,GIDAE_T01,GIDAE_T04,1,-1,0.311277418658591,0.6887225813414091,0.377445162682818,False,-1.420716422242209,True
M2_PRIOR_PLUS_PSCI,GI-DAE,GI-DAE,GIDAE_PAIR_04,GIDAE_T02,GIDAE_T03,-1,-1,0.29544008010867573,0.7045599198913243,0.40911983978264854,True,-0.5413236220073945,True
M2_PRIOR_PLUS_PSCI,GI-DAE,GI-DAE,GIDAE_PAIR_05,GIDAE_T02,GIDAE_T04,1,-1,0.38438871297749183,0.6156112870225081,0.23122257404501634,False,-0.9810200221248018,True
M2_PRIOR_PLUS_PSCI,GI-DAE,GI-DAE,GIDAE_PAIR_06,GIDAE_T03,GIDAE_T04,1,1,0.5982421151779063,0.40175788482209374,0.19648423035581253,True,-0.4396964001174073,True
M3_SYSTEM_CONDITIONED_PSCI,GI-DAE,GI-DAE,GIDAE_PAIR_01,GIDAE_T01,GIDAE_T02,1,1,0.8582584891717177,0.14174151082828235,0.7165169783434353,True,-0.4396964001174073,True
M3_SYSTEM_CONDITIONED_PSCI,GI-DAE,GI-DAE,GIDAE_PAIR_02,GIDAE_T01,GIDAE_T03,-1,1,0.7385898573785187,0.2614101426214813,0.47717971475703735,False,-0.9810200221248018,True
M3_SYSTEM_CONDITIONED_PSCI,GI-DAE,GI-DAE,GIDAE_PAIR_03,GIDAE_T01,GIDAE_T04,1,-1,0.4815033741583231,0.5184966258416769,0.03699325168335377,False,-1.420716422242209,True
M3_SYSTEM_CONDITIONED_PSCI,GI-DAE,GI-DAE,GIDAE_PAIR_04,GIDAE_T02,GIDAE_T03,-1,-1,0.3181583779318156,0.6818416220681844,0.36368324413636877,True,-0.5413236220073945,True
M3_SYSTEM_CONDITIONED_PSCI,GI-DAE,GI-DAE,GIDAE_PAIR_05,GIDAE_T02,GIDAE_T04,1,-1,0.13297339956541485,0.8670266004345851,0.7340532008691703,False,-0.9810200221248018,True
M3_SYSTEM_CONDITIONED_PSCI,GI-DAE,GI-DAE,GIDAE_PAIR_06,GIDAE_T03,GIDAE_T04,1,-1,0.24737299708455343,0.7526270029154466,0.5052540058308932,False,-0.4396964001174073,True
M0_GLOBAL_PSCI_PAIRWISE,GP-PGM,GP-PGM,GPPGM_PAIR_01,GPTRC_T01,GPTRC_T02,1,1,0.6344078271002894,0.3655921728997106,0.26881565420057885,True,-0.4396964001174073,True
M0_GLOBAL_PSCI_PAIRWISE,GP-PGM,GP-PGM,GPPGM_PAIR_02,GPTRC_T01,GPTRC_T03,-1,1,0.6682424659723298,0.33175753402767016,0.33648493194465967,False,-0.9810200221248018,True
M0_GLOBAL_PSCI_PAIRWISE,GP-PGM,GP-PGM,GPPGM_PAIR_03,GPTRC_T01,GPTRC_T04,1,1,0.7090585824082267,0.2909414175917733,0.41811716481645345,True,-1.420716422242209,True
M0_GLOBAL_PSCI_PAIRWISE,GP-PGM,GP-PGM,GPPGM_PAIR_04,GPTRC_T02,GPTRC_T03,-1,1,0.5371994159607457,0.4628005840392543,0.07439883192149144,False,-0.5413236220073945,True
M0_GLOBAL_PSCI_PAIRWISE,GP-PGM,GP-PGM,GPPGM_PAIR_05,GPTRC_T02,GPTRC_T04,1,1,0.5841037131937982,0.41589628680620183,0.16820742638759634,True,-0.9810200221248018,True
M0_GLOBAL_PSCI_PAIRWISE,GP-PGM,GP-PGM,GPPGM_PAIR_06,GPTRC_T03,GPTRC_T04,1,1,0.5474987168877042,0.45250128311229576,0.09499743377540848,True,-0.4396964001174073,True
M1_LITERATURE_PRIOR,GP-PGM,GP-PGM,GPPGM_PAIR_01,GPTRC_T01,GPTRC_T02,1,-1,0.39181331340533504,0.608186686594665,0.21637337318932992,False,-0.4396964001174073,True
M1_LITERATURE_PRIOR,GP-PGM,GP-PGM,GPPGM_PAIR_02,GPTRC_T01,GPTRC_T03,-1,-1,0.27268943586609873,0.7273105641339013,0.45462112826780254,True,-0.9810200221248018,True
M1_LITERATURE_PRIOR,GP-PGM,GP-PGM,GPPGM_PAIR_03,GPTRC_T01,GPTRC_T04,1,-1,0.19454929575397722,0.8054507042460228,0.6109014084920456,False,-1.420716422242209,True
M1_LITERATURE_PRIOR,GP-PGM,GP-PGM,GPPGM_PAIR_04,GPTRC_T02,GPTRC_T03,-1,-1,0.36787972780670253,0.6321202721932975,0.26424054438659494,True,-0.5413236220073945,True
M1_LITERATURE_PRIOR,GP-PGM,GP-PGM,GPPGM_PAIR_05,GPTRC_T02,GPTRC_T04,1,-1,0.27268943586609873,0.7273105641339013,0.45462112826780254,False,-0.9810200221248018,True
M1_LITERATURE_PRIOR,GP-PGM,GP-PGM,GPPGM_PAIR_06,GPTRC_T03,GPTRC_T04,1,-1,0.39181331340533504,0.608186686594665,0.21637337318932992,False,-0.4396964001174073,True
M2_PRIOR_PLUS_PSCI,GP-PGM,GP-PGM,GPPGM_PAIR_01,GPTRC_T01,GPTRC_T02,1,1,0.915873886659337,0.084126113340663,0.831747773318674,True,-0.4396964001174073,True
M2_PRIOR_PLUS_PSCI,GP-PGM,GP-PGM,GPPGM_PAIR_02,GPTRC_T01,GPTRC_T03,-1,1,0.9815028672756397,0.018497132724360266,0.9630057345512795,False,-0.9810200221248018,True
M2_PRIOR_PLUS_PSCI,GP-PGM,GP-PGM,GPPGM_PAIR_03,GPTRC_T01,GPTRC_T04,1,1,0.999585993541755,0.0004140064582449643,0.9991719870835101,True,-1.420716422242209,True
M2_PRIOR_PLUS_PSCI,GP-PGM,GP-PGM,GPPGM_PAIR_04,GPTRC_T02,GPTRC_T03,-1,1,0.8297572104118089,0.17024278958819106,0.6595144208236179,False,-0.5413236220073945,True
M2_PRIOR_PLUS_PSCI,GP-PGM,GP-PGM,GPPGM_PAIR_05,GPTRC_T02,GPTRC_T04,1,1,0.9955111207665566,0.004488879233443432,0.9910222415331131,True,-0.9810200221248018,True
M2_PRIOR_PLUS_PSCI,GP-PGM,GP-PGM,GPPGM_PAIR_06,GPTRC_T03,GPTRC_T04,1,1,0.9784953257127703,0.021504674287229686,0.9569906514255406,True,-0.4396964001174073,True
M3_SYSTEM_CONDITIONED_PSCI,GP-PGM,GP-PGM,GPPGM_PAIR_01,GPTRC_T01,GPTRC_T02,1,1,0.973993382186053,0.026006617813946975,0.947986764372106,True,-0.4396964001174073,True
M3_SYSTEM_CONDITIONED_PSCI,GP-PGM,GP-PGM,GPPGM_PAIR_02,GPTRC_T01,GPTRC_T03,-1,1,0.9920671974421774,0.007932802557822582,0.9841343948843548,False,-0.9810200221248018,True
M3_SYSTEM_CONDITIONED_PSCI,GP-PGM,GP-PGM,GPPGM_PAIR_03,GPTRC_T01,GPTRC_T04,1,1,0.9999887958844043,1.1204115595742081e-05,0.9999775917688085,True,-1.420716422242209,True
M3_SYSTEM_CONDITIONED_PSCI,GP-PGM,GP-PGM,GPPGM_PAIR_04,GPTRC_T02,GPTRC_T03,-1,1,0.7695427248894635,0.23045727511053649,0.539085449778927,False,-0.5413236220073945,True
M3_SYSTEM_CONDITIONED_PSCI,GP-PGM,GP-PGM,GPPGM_PAIR_05,GPTRC_T02,GPTRC_T04,1,1,0.9995805575536559,0.0004194424463440649,0.9991611151073119,True,-0.9810200221248018,True
M3_SYSTEM_CONDITIONED_PSCI,GP-PGM,GP-PGM,GPPGM_PAIR_06,GPTRC_T03,GPTRC_T04,1,1,0.9986007710286738,0.0013992289713261608,0.9972015420573477,True,-0.4396964001174073,True
M0_GLOBAL_PSCI_PAIRWISE,RHLA-RHLB,RHLA-RHLB,RHLARHLB_PAIR_01,RHLARHLB_T01,RHLARHLB_T02,-1,-1,0.3107934388255673,0.6892065611744327,0.37841312234886537,True,-0.4396964001174073,True
M0_GLOBAL_PSCI_PAIRWISE,RHLA-RHLB,RHLA-RHLB,RHLARHLB_PAIR_02,RHLARHLB_T01,RHLARHLB_T03,1,1,0.9712151867989314,0.028784813201068626,0.9424303735978627,True,-0.9810200221248018,True
M0_GLOBAL_PSCI_PAIRWISE,RHLA-RHLB,RHLA-RHLB,RHLARHLB_PAIR_03,RHLARHLB_T01,RHLARHLB_T04,1,1,0.9977947237791917,0.00220527622080835,0.9955894475583833,True,-1.420716422242209,True
M0_GLOBAL_PSCI_PAIRWISE,RHLA-RHLB,RHLA-RHLB,RHLARHLB_PAIR_04,RHLARHLB_T02,RHLARHLB_T03,1,1,0.9868112246731657,0.013188775326834268,0.9736224493463315,True,-0.5413236220073945,True
M0_GLOBAL_PSCI_PAIRWISE,RHLA-RHLB,RHLA-RHLB,RHLARHLB_PAIR_05,RHLARHLB_T02,RHLARHLB_T04,1,1,0.9990043387517898,0.0009956612482101557,0.9980086775035797,True,-0.9810200221248018,True
M0_GLOBAL_PSCI_PAIRWISE,RHLA-RHLB,RHLA-RHLB,RHLARHLB_PAIR_06,RHLARHLB_T03,RHLARHLB_T04,1,1,0.9306033579977425,0.06939664200225748,0.861206715995485,True,-0.4396964001174073,True
M1_LITERATURE_PRIOR,RHLA-RHLB,RHLA-RHLB,RHLARHLB_PAIR_01,RHLARHLB_T01,RHLARHLB_T02,-1,-1,0.39181331340533504,0.608186686594665,0.21637337318932992,True,-0.4396964001174073,True
M1_LITERATURE_PRIOR,RHLA-RHLB,RHLA-RHLB,RHLARHLB_PAIR_02,RHLARHLB_T01,RHLARHLB_T03,1,-1,0.27268943586609873,0.7273105641339013,0.45462112826780254,False,-0.9810200221248018,True
M1_LITERATURE_PRIOR,RHLA-RHLB,RHLA-RHLB,RHLARHLB_PAIR_03,RHLARHLB_T01,RHLARHLB_T04,1,-1,0.19454929575397722,0.8054507042460228,0.6109014084920456,False,-1.420716422242209,True
M1_LITERATURE_PRIOR,RHLA-RHLB,RHLA-RHLB,RHLARHLB_PAIR_04,RHLARHLB_T02,RHLARHLB_T03,1,-1,0.36787972780670253,0.6321202721932975,0.26424054438659494,False,-0.5413236220073945,True
M1_LITERATURE_PRIOR,RHLA-RHLB,RHLA-RHLB,RHLARHLB_PAIR_05,RHLARHLB_T02,RHLARHLB_T04,1,-1,0.27268943586609873,0.7273105641339013,0.45462112826780254,False,-0.9810200221248018,True
M1_LITERATURE_PRIOR,RHLA-RHLB,RHLA-RHLB,RHLARHLB_PAIR_06,RHLARHLB_T03,RHLARHLB_T04,1,-1,0.39181331340533504,0.608186686594665,0.21637337318932992,False,-0.4396964001174073,True
M2_PRIOR_PLUS_PSCI,RHLA-RHLB,RHLA-RHLB,RHLARHLB_PAIR_01,RHLARHLB_T01,RHLARHLB_T02,-1,-1,0.4972078543580337,0.5027921456419663,0.005584291283932563,True,-0.4396964001174073,True
M2_PRIOR_PLUS_PSCI,RHLA-RHLB,RHLA-RHLB,RHLARHLB_PAIR_02,RHLARHLB_T01,RHLARHLB_T03,1,1,0.9611063668407485,0.03889363315925154,0.9222127336814969,True,-0.9810200221248018,True
M2_PRIOR_PLUS_PSCI,RHLA-RHLB,RHLA-RHLB,RHLARHLB_PAIR_03,RHLARHLB_T01,RHLARHLB_T04,1,1,0.9964065836360646,0.0035934163639353978,0.9928131672721292,True,-1.420716422242209,True
M2_PRIOR_PLUS_PSCI,RHLA-RHLB,RHLA-RHLB,RHLARHLB_PAIR_04,RHLARHLB_T02,RHLARHLB_T03,1,1,0.9615217196875123,0.03847828031248768,0.9230434393750246,True,-0.5413236220073945,True
M2_PRIOR_PLUS_PSCI,RHLA-RHLB,RHLA-RHLB,RHLARHLB_PAIR_05,RHLARHLB_T02,RHLARHLB_T04,1,1,0.9964463523037532,0.0035536476962467756,0.9928927046075064,True,-0.9810200221248018,True
M2_PRIOR_PLUS_PSCI,RHLA-RHLB,RHLA-RHLB,RHLARHLB_PAIR_06,RHLARHLB_T03,RHLARHLB_T04,1,1,0.9181744216807897,0.08182557831921033,0.8363488433615793,True,-0.4396964001174073,True
M3_SYSTEM_CONDITIONED_PSCI,RHLA-RHLB,RHLA-RHLB,RHLARHLB_PAIR_01,RHLARHLB_T01,RHLARHLB_T02,-1,-1,0.07064269890351835,0.9293573010964816,0.8587146021929633,True,-0.4396964001174073,True
M3_SYSTEM_CONDITIONED_PSCI,RHLA-RHLB,RHLA-RHLB,RHLARHLB_PAIR_02,RHLARHLB_T01,RHLARHLB_T03,1,-1,1.5510028428473273e-06,0.9999984489971572,0.9999968979943143,False,-0.9810200221248018,True
M3_SYSTEM_CONDITIONED_PSCI,RHLA-RHLB,RHLA-RHLB,RHLARHLB_PAIR_03,RHLARHLB_T01,RHLARHLB_T04,1,-1,1.731103712154629e-05,0.9999826889628785,0.9999653779257569,False,-1.420716422242209,True
M3_SYSTEM_CONDITIONED_PSCI,RHLA-RHLB,RHLA-RHLB,RHLARHLB_PAIR_04,RHLARHLB_T02,RHLARHLB_T03,1,-1,2.040421250406059e-05,0.999979595787496,0.9999591915749919,False,-0.5413236220073945,True
M3_SYSTEM_CONDITIONED_PSCI,RHLA-RHLB,RHLA-RHLB,RHLARHLB_PAIR_05,RHLARHLB_T02,RHLARHLB_T04,1,-1,0.00022769166943969847,0.9997723083305603,0.9995446166611206,False,-0.9810200221248018,True
M3_SYSTEM_CONDITIONED_PSCI,RHLA-RHLB,RHLA-RHLB,RHLARHLB_PAIR_06,RHLARHLB_T03,RHLARHLB_T04,1,1,0.9177723930262931,0.0822276069737069,0.8355447860525862,True,-0.4396964001174073,True
