system_id,topology_id,experimental_linker_identity,experimental_linker_sequence,author_verification_status,modeled_connector_sequence_frozen,interpretation,experimental_replicate_n_reported,raw_replicate_values_in_compact_release,SD_in_compact_release
D-PA,DPA_T01,(G4S)3,GGGGSGGGGSGGGGS,AUTHOR_VERIFIED_COMMON_LINKER,GGGGSGGGGSGGGGCGS,modeled connector is retained as historical simulation provenance and is not an alternative experimental linker definition,3,NO,NA
D-PA,DPA_T02,(G4S)3,GGGGSGGGGSGGGGS,AUTHOR_VERIFIED_COMMON_LINKER,GGGGSGGGGSGGGGCGS,modeled connector is retained as historical simulation provenance and is not an alternative experimental linker definition,3,NO,NA
D-PA,DPA_T03,(G4S)3,GGGGSGGGGSGGGGS,AUTHOR_VERIFIED_COMMON_LINKER,GGGGSGGGGSGGGGCGS,modeled connector is retained as historical simulation provenance and is not an alternative experimental linker definition,3,NO,NA
D-PA,DPA_T04,(G4S)3,GGGGSGGGGSGGGGS,AUTHOR_VERIFIED_COMMON_LINKER,GGGGSGGGGSGGGGCGS,modeled connector is retained as historical simulation provenance and is not an alternative experimental linker definition,3,NO,NA
GI-DAE,GIDAE_T01,(G4S)3,GGGGSGGGGSGGGGS,AUTHOR_VERIFIED_COMMON_LINKER,GGGGSGGGGSGGGGCGS,modeled connector is retained as historical simulation provenance and is not an alternative experimental linker definition,3,NO,NA
GI-DAE,GIDAE_T02,(G4S)3,GGGGSGGGGSGGGGS,AUTHOR_VERIFIED_COMMON_LINKER,GGGGSGGGGSGGGGCGS,modeled connector is retained as historical simulation provenance and is not an alternative experimental linker definition,3,NO,NA
GI-DAE,GIDAE_T03,(G4S)3,GGGGSGGGGSGGGGS,AUTHOR_VERIFIED_COMMON_LINKER,GGGGSGGGGSGGGGCGS,modeled connector is retained as historical simulation provenance and is not an alternative experimental linker definition,3,NO,NA
GI-DAE,GIDAE_T04,(G4S)3,GGGGSGGGGSGGGGS,AUTHOR_VERIFIED_COMMON_LINKER,GGGGSGGGGSGGGGCGS,modeled connector is retained as historical simulation provenance and is not an alternative experimental linker definition,3,NO,NA
GP-PGM,GPTRC_T01,(G4S)3,GGGGSGGGGSGGGGS,AUTHOR_VERIFIED_COMMON_LINKER,GGGGSGGGGSGGGGCGS,modeled connector is retained as historical simulation provenance and is not an alternative experimental linker definition,3,NO,NA
GP-PGM,GPTRC_T02,(G4S)3,GGGGSGGGGSGGGGS,AUTHOR_VERIFIED_COMMON_LINKER,GGGGSGGGGSGGGGCGS,modeled connector is retained as historical simulation provenance and is not an alternative experimental linker definition,3,NO,NA
GP-PGM,GPTRC_T03,(G4S)3,GGGGSGGGGSGGGGS,AUTHOR_VERIFIED_COMMON_LINKER,GGGGSGGGGSGGGGCGS,modeled connector is retained as historical simulation provenance and is not an alternative experimental linker definition,3,NO,NA
GP-PGM,GPTRC_T04,(G4S)3,GGGGSGGGGSGGGGS,AUTHOR_VERIFIED_COMMON_LINKER,GGGGSGGGGSGGGGCGS,modeled connector is retained as historical simulation provenance and is not an alternative experimental linker definition,3,NO,NA
RHLA-RHLB,RHLARHLB_T01,(G4S)3,GGGGSGGGGSGGGGS,AUTHOR_VERIFIED_COMMON_LINKER,GGGGSGGGGSGGGGCGS,modeled connector is retained as historical simulation provenance and is not an alternative experimental linker definition,3,NO,NA
RHLA-RHLB,RHLARHLB_T02,(G4S)3,GGGGSGGGGSGGGGS,AUTHOR_VERIFIED_COMMON_LINKER,GGGGSGGGGSGGGGCGS,modeled connector is retained as historical simulation provenance and is not an alternative experimental linker definition,3,NO,NA
RHLA-RHLB,RHLARHLB_T03,(G4S)3,GGGGSGGGGSGGGGS,AUTHOR_VERIFIED_COMMON_LINKER,GGGGSGGGGSGGGGCGS,modeled connector is retained as historical simulation provenance and is not an alternative experimental linker definition,3,NO,NA
RHLA-RHLB,RHLARHLB_T04,(G4S)3,GGGGSGGGGSGGGGS,AUTHOR_VERIFIED_COMMON_LINKER,GGGGSGGGGSGGGGCGS,modeled connector is retained as historical simulation provenance and is not an alternative experimental linker definition,3,NO,NA
