system_id,enzyme_1,enzyme_2,topology_id,RIAD_RIDD_identity,N_C_terminal_placement,exact_linker_sequence,modeled_connector_sequence,linker_identity_status,construct_source,construct_mapping_status,experimental_endpoint,control_definition,raw_replicate_source,final_phenotype,final_phenotype_unit,within_system_rank,data_provenance,MD_trajectory_ID,MD_window_used_by_final_PSCI,analysis_status
D-PA,PanB,PanC,DPA_T01,chain1=RIAD;chain2=RIDD,enzyme1:scaffold/tag at enzyme C terminus;enzyme2:scaffold/tag at enzyme C terminus,NA,GGGGSGGGGSGGGGCGS,unresolved,references/泛酸.docx; references/RIAD_RIDD_蛋白支架项目实验结果汇报_文档内容整合版.pptx,probable,DPA_titer,panB-panC_75_mg_L,NA_NOT_AVAILABLE; summary-level source=references/user_provided/DPA_experimental_results.csv,152,mg/L,1,references/user_provided/DPA_experimental_results.csv;path-derived matched to local project documents,results/D-PA/DPA_T01/processed/DPA_T01_protein_analysis_10ps.xtc,0-75 ns,trajectory=pass;behavior=not_converged_within_100ns;PSCI=PASS
D-PA,PanB,PanC,DPA_T02,chain1=RIDD;chain2=RIAD,enzyme1:scaffold/tag at enzyme C terminus;enzyme2:scaffold/tag at enzyme C terminus,NA,GGGGSGGGGSGGGGCGS,unresolved,references/RIAD_RIDD_蛋白支架项目实验结果汇报_文档内容整合版.pptx,probable,DPA_titer,panB-panC_75_mg_L,NA_NOT_AVAILABLE; summary-level source=references/user_provided/DPA_experimental_results.csv,95,mg/L,3,references/user_provided/DPA_experimental_results.csv;path-derived matched to local project document,results/D-PA/DPA_T02/processed/DPA_T02_protein_analysis_10ps.xtc,0-75 ns,trajectory=pass;behavior=slow_drift;PSCI=PASS
D-PA,PanB,PanC,DPA_T03,chain1=RIAD;chain2=RIDD,enzyme1:scaffold/tag at enzyme N terminus;enzyme2:scaffold/tag at enzyme N terminus,NA,GGGGSGGGGSGGGGCGS,unresolved,references/RIAD_RIDD_蛋白支架项目实验结果汇报_文档内容整合版.pptx,probable,DPA_titer,panB-panC_75_mg_L,NA_NOT_AVAILABLE; summary-level source=references/user_provided/DPA_experimental_results.csv,113,mg/L,2,references/user_provided/DPA_experimental_results.csv;path-derived matched to local project document,results/D-PA/DPA_T03/processed/DPA_T03_protein_analysis_10ps.xtc,0-75 ns,trajectory=pass;behavior=slow_drift;PSCI=PASS
D-PA,PanB,PanC,DPA_T04,chain1=RIDD;chain2=RIAD,enzyme1:scaffold/tag at enzyme N terminus;enzyme2:scaffold/tag at enzyme N terminus,NA,GGGGSGGGGSGGGGCGS,unresolved,references/RIAD_RIDD_蛋白支架项目实验结果汇报_文档内容整合版.pptx,probable,DPA_titer,panB-panC_75_mg_L,NA_NOT_AVAILABLE; summary-level source=references/user_provided/DPA_experimental_results.csv,60,mg/L,4,references/user_provided/DPA_experimental_results.csv;path-derived matched to local project document,results/D-PA/DPA_T04/processed/DPA_T04_protein_analysis_10ps.xtc,0-75 ns,trajectory=pass;behavior=slow_drift;PSCI=PASS
GI-DAE,GI,DAE,GIDAE_T01,chain1=RIDD;chain2=RIAD,enzyme1:scaffold/tag at enzyme C terminus;enzyme2:scaffold/tag at enzyme C terminus,GGGSGGGSGGGSGGGS,GGGGSGGGGSGGGGCGS,sequence_conflict,references/阿洛酮糖-蛋白支架固定化方法.docx; references/RIAD_RIDD_蛋白支架项目实验结果汇报_文档内容整合版.pptx,probable,relative_activity,control_GI-DAE,NA_NOT_AVAILABLE; summary-level source=references/阿洛酮糖-蛋白支架固定化方法.docx,54.4,percent_of_control,2,references/阿洛酮糖-蛋白支架固定化方法.docx;path-derived matched to local project documents,results/GI-DAE/GIDAE_T01/processed/GIDAE_T01_protein_analysis_10ps.xtc,0-75 ns,trajectory=pass;behavior=slow_drift;PSCI=PASS
GI-DAE,GI,DAE,GIDAE_T02,chain1=RIDD;chain2=RIAD,enzyme1:scaffold/tag at enzyme N terminus;enzyme2:scaffold/tag at enzyme N terminus,GGGSGGGSGGGSGGGS,GGGGSGGGGSGGGGCGS,sequence_conflict,references/阿洛酮糖-蛋白支架固定化方法.docx; references/RIAD_RIDD_蛋白支架项目实验结果汇报_文档内容整合版.pptx,probable,relative_activity,control_GI-DAE,NA_NOT_AVAILABLE; summary-level source=references/阿洛酮糖-蛋白支架固定化方法.docx,22.0,percent_of_control,3,references/阿洛酮糖-蛋白支架固定化方法.docx;path-derived matched to local project documents,results/GI-DAE/GIDAE_T02/processed/GIDAE_T02_protein_analysis_10ps.xtc,0-75 ns,trajectory=pass;behavior=slow_drift;PSCI=PASS
GI-DAE,GI,DAE,GIDAE_T03,chain1=RIAD;chain2=RIDD,enzyme1:scaffold/tag at enzyme C terminus;enzyme2:scaffold/tag at enzyme C terminus,GGGSGGGSGGGSGGGS,GGGGSGGGGSGGGGCGS,sequence_conflict,references/阿洛酮糖-蛋白支架固定化方法.docx; references/RIAD_RIDD_蛋白支架项目实验结果汇报_文档内容整合版.pptx,probable,relative_activity,control_GI-DAE,NA_NOT_AVAILABLE; summary-level source=references/阿洛酮糖-蛋白支架固定化方法.docx,57.6,percent_of_control,1,references/阿洛酮糖-蛋白支架固定化方法.docx;path-derived matched to local project documents,results/GI-DAE/GIDAE_T03/processed/GIDAE_T03_protein_analysis_10ps.xtc,0-75 ns,trajectory=pass;behavior=late_transition;PSCI=PASS
GI-DAE,GI,DAE,GIDAE_T04,chain1=RIAD;chain2=RIDD,enzyme1:scaffold/tag at enzyme N terminus;enzyme2:scaffold/tag at enzyme N terminus,GGGSGGGSGGGSGGGS,GGGGSGGGGSGGGGCGS,sequence_conflict,references/阿洛酮糖-蛋白支架固定化方法.docx; references/RIAD_RIDD_蛋白支架项目实验结果汇报_文档内容整合版.pptx,probable,relative_activity,control_GI-DAE,NA_NOT_AVAILABLE; summary-level source=references/阿洛酮糖-蛋白支架固定化方法.docx,0.0,percent_of_control,4,references/阿洛酮糖-蛋白支架固定化方法.docx;path-derived matched to local project documents,results/GI-DAE/GIDAE_T04/processed/GIDAE_T04_protein_analysis_10ps.xtc,0-75 ns,trajectory=pass;behavior=slow_drift;PSCI=PASS
GP-PGM,alpha-GP,PGM,GPTRC_T01,chain1=RIAD;chain2=RIDD,enzyme1:scaffold/tag at enzyme C terminus;enzyme2:scaffold/tag at enzyme C terminus,GGGSGGGSGGGSGGGS,GGGGSGGGGSGGGGCGS,sequence_conflict,references/塔格糖-多酶体内共固定化方法.docx; GP-TRC/Result/gp_riad_pgm_ridd_*,ambiguous,relative_activity,control,NA_NOT_AVAILABLE; summary-level source=references/塔格糖-多酶体内共固定化方法.docx,118.3,percent_of_control,2,references/塔格糖-多酶体内共固定化方法.docx;conflicting path-derived labels,results/GP-PGM/GPTRC_T01/processed/GPTRC_T01_protein_analysis_10ps.xtc,0-75 ns,trajectory=pass;behavior=not_converged_within_100ns;PSCI=PASS
GP-PGM,alpha-GP,PGM,GPTRC_T02,chain1=RIDD;chain2=RIAD,enzyme1:scaffold/tag at enzyme C terminus;enzyme2:scaffold/tag at enzyme C terminus,GGGSGGGSGGGSGGGS,GGGGSGGGGSGGGGCGS,sequence_conflict,references/塔格糖-多酶体内共固定化方法.docx; GP-TRC/Result/gp_ridd_pgm_riad_*,ambiguous,relative_activity,control,NA_NOT_AVAILABLE; summary-level source=references/塔格糖-多酶体内共固定化方法.docx,62.9,percent_of_control,3,references/塔格糖-多酶体内共固定化方法.docx;conflicting path-derived labels,results/GP-PGM/GPTRC_T02/processed/GPTRC_T02_protein_analysis_10ps.xtc,0-75 ns,trajectory=pass;behavior=slow_drift;PSCI=PASS
GP-PGM,alpha-GP,PGM,GPTRC_T03,chain1=RIAD;chain2=RIDD,enzyme1:scaffold/tag at enzyme N terminus;enzyme2:scaffold/tag at enzyme N terminus,GGGSGGGSGGGSGGGS,GGGGSGGGGSGGGGCGS,sequence_conflict,references/塔格糖-多酶体内共固定化方法.docx; references/RIAD_RIDD_蛋白支架项目实验结果汇报_文档内容整合版.pptx,ambiguous,relative_activity,control,NA_NOT_AVAILABLE; summary-level source=references/塔格糖-多酶体内共固定化方法.docx,122.1,percent_of_control,1,references/塔格糖-多酶体内共固定化方法.docx;conflicting path/document-derived labels,results/GP-PGM/GPTRC_T03/processed/GPTRC_T03_protein_analysis_10ps.xtc,0-75 ns,trajectory=pass;behavior=slow_drift;PSCI=PASS
GP-PGM,alpha-GP,PGM,GPTRC_T04,chain1=RIDD;chain2=RIAD,enzyme1:scaffold/tag at enzyme N terminus;enzyme2:scaffold/tag at enzyme N terminus,GGGSGGGSGGGSGGGS,GGGGSGGGGSGGGGCGS,sequence_conflict,references/塔格糖-多酶体内共固定化方法.docx; references/RIAD_RIDD_蛋白支架项目实验结果汇报_文档内容整合版.pptx,ambiguous,relative_activity,control,NA_NOT_AVAILABLE; summary-level source=references/塔格糖-多酶体内共固定化方法.docx,0.0,percent_of_control,4,references/塔格糖-多酶体内共固定化方法.docx;conflicting path/document-derived labels,results/GP-PGM/GPTRC_T04/processed/GPTRC_T04_protein_analysis_10ps.xtc,0-75 ns,trajectory=pass;behavior=slow_drift;PSCI=PASS
RHLA-RHLB,RhlA,RhlB,RHLARHLB_T01,chain1=RIAD;chain2=RIDD,enzyme1:scaffold/tag at enzyme C terminus;enzyme2:scaffold/tag at enzyme C terminus,GGGGSGGGGSGGGGS,GGGGSGGGGSGGGGCGS,sequence_conflict,references/鼠李糖脂毕业论文.docx; references/RIAD_RIDD_蛋白支架项目实验结果汇报_文档内容整合版.pptx,probable,titer_60h,RHLAB_control,NA_NOT_AVAILABLE; summary-level source=references/鼠李糖脂毕业论文.docx,2.3,g/L,2,references/鼠李糖脂毕业论文.docx;path-derived matched to local project documents,results/RHLA-RHLB/RHLARHLB_T01/processed/RHLARHLB_T01_protein_analysis_10ps.xtc,0-75 ns,trajectory=pass;behavior=slow_drift;PSCI=PASS
RHLA-RHLB,RhlA,RhlB,RHLARHLB_T02,chain1=RIDD;chain2=RIAD,enzyme1:scaffold/tag at enzyme C terminus;enzyme2:scaffold/tag at enzyme C terminus,GGGGSGGGGSGGGGS,GGGGSGGGGSGGGGCGS,sequence_conflict,references/鼠李糖脂毕业论文.docx; references/RIAD_RIDD_蛋白支架项目实验结果汇报_文档内容整合版.pptx,probable,titer_60h,RHLAB_control,NA_NOT_AVAILABLE; summary-level source=references/鼠李糖脂毕业论文.docx,5.3,g/L,1,references/鼠李糖脂毕业论文.docx;path-derived matched to local project documents,results/RHLA-RHLB/RHLARHLB_T02/processed/RHLARHLB_T02_protein_analysis_10ps.xtc,0-75 ns,trajectory=pass;behavior=slow_drift;PSCI=PASS
RHLA-RHLB,RhlA,RhlB,RHLARHLB_T03,chain1=RIAD;chain2=RIDD,enzyme1:scaffold/tag at enzyme N terminus;enzyme2:scaffold/tag at enzyme N terminus,GGGGSGGGGSGGGGS,GGGGSGGGGSGGGGCGS,sequence_conflict,references/鼠李糖脂毕业论文.docx; references/RIAD_RIDD_蛋白支架项目实验结果汇报_文档内容整合版.pptx,probable,titer_60h,RHLAB_control,NA_NOT_AVAILABLE; summary-level source=references/鼠李糖脂毕业论文.docx,0.92,g/L,3,references/鼠李糖脂毕业论文.docx;path-derived matched to local project documents,results/RHLA-RHLB/RHLARHLB_T03/processed/RHLARHLB_T03_protein_analysis_10ps.xtc,0-75 ns,trajectory=pass;behavior=slow_drift;PSCI=PASS
RHLA-RHLB,RhlA,RhlB,RHLARHLB_T04,chain1=RIDD;chain2=RIAD,enzyme1:scaffold/tag at enzyme N terminus;enzyme2:scaffold/tag at enzyme N terminus,GGGGSGGGGSGGGGS,GGGGSGGGGSGGGGCGS,sequence_conflict,references/鼠李糖脂毕业论文.docx; references/RIAD_RIDD_蛋白支架项目实验结果汇报_文档内容整合版.pptx,probable,titer_60h,NA,NA_NOT_AVAILABLE; summary-level source=user-provided frozen mapping,NA,NA,4,user-provided frozen mapping;path-derived matched to local project documents,results/RHLA-RHLB/RHLARHLB_T04/processed/RHLARHLB_T04_protein_analysis_10ps.xtc,0-75 ns,trajectory=pass;behavior=not_converged_within_100ns;PSCI=PASS
