pair_id,system,construct_i,construct_j,phenotype_i,phenotype_j,phenotype_unit,rank_score_i,rank_score_j,target_direction,target_label,delta_phenotype,delta_rank_score,unordered_biological_pair,delta_D,delta_C,delta_F1,delta_F4,delta_F5,delta_L,delta_A,delta_O,delta_F2
DPA_PAIR_01,D-PA,DPA_T01,DPA_T02,152,95,mg/L,4.0,2.0,1,I_GT_J,57.0,2.0,True,0.5772583794487349,-0.04228858754278294,0.03319498873275628,-0.02929427430093212,-0.03659161583604309,-0.04721610092343537,0.054932755974434144,0.09587217043941411,0.031330629181092196
DPA_PAIR_02,D-PA,DPA_T01,DPA_T03,152,113,mg/L,4.0,3.0,1,I_GT_J,39.0,1.0,True,-0.3791817075219708,0.02638732801207723,0.07586538986205071,0.12782956058588546,-0.020301593068301815,-0.011469258653794945,0.039789250163382084,-0.42077230359520645,-0.08004780818508639
DPA_PAIR_03,D-PA,DPA_T01,DPA_T04,152,60,mg/L,4.0,1.0,1,I_GT_J,92.0,3.0,True,-0.30613159101731036,0.025757992005551268,-0.6132463508715046,-0.02929427430093212,-0.02507642728280035,0.030851088236351576,0.20910161905885483,-0.848202396804261,-0.0694301382197069
DPA_PAIR_04,D-PA,DPA_T02,DPA_T03,95,113,mg/L,2.0,3.0,-1,J_GT_I,-18.0,-1.0,True,-0.9564400869707057,0.06867591555486016,0.04267040112929443,0.15712383488681758,0.016290022767741275,0.03574684226964042,-0.01514350581105206,-0.5166444740346205,-0.11137843736617858
DPA_PAIR_05,D-PA,DPA_T02,DPA_T04,95,60,mg/L,2.0,1.0,1,I_GT_J,35.0,1.0,True,-0.8833899704660453,0.06804657954833421,-0.6464413396042609,0.0,0.011515188553242739,0.07806718915978694,0.15416886308442068,-0.9440745672436751,-0.10076076740079909
DPA_PAIR_06,D-PA,DPA_T03,DPA_T04,113,60,mg/L,3.0,1.0,1,I_GT_J,53.0,2.0,True,0.07305011650466042,-0.0006293360065259615,-0.6891117407335553,-0.15712383488681758,-0.004774834214498536,0.04232034689014652,0.16931236889547274,-0.42743009320905456,0.010617669965379495
GIDAE_PAIR_01,GI-DAE,GIDAE_T01,GIDAE_T02,54.4,22.0,percent_of_control,3.0,2.0,1,I_GT_J,32.4,1.0,True,0.601004562818908,-0.05412215554142343,-0.12357566993741675,0.5552596537949401,-0.04263678593162901,-0.13726064612170438,,,
GIDAE_PAIR_02,GI-DAE,GIDAE_T01,GIDAE_T03,54.4,57.6,percent_of_control,3.0,4.0,-1,J_GT_I,-3.200000000000003,-1.0,True,0.031242455478029285,-0.009736219726777622,-0.07909479980279632,0.5552596537949401,0.018280500177404235,-0.24063542398135826,,,
GIDAE_PAIR_03,GI-DAE,GIDAE_T01,GIDAE_T04,54.4,0.0,percent_of_control,3.0,1.0,1,I_GT_J,54.4,2.0,True,-0.2745613975286285,0.026491793102830098,-0.31031186156258317,0.33688415446071907,0.10580900862905585,-0.07759508803794948,,,
GIDAE_PAIR_04,GI-DAE,GIDAE_T02,GIDAE_T03,22.0,57.6,percent_of_control,2.0,4.0,-1,J_GT_I,-35.6,-2.0,True,-0.5697621073408787,0.04438593581464581,0.04448087013462043,0.0,0.06091728610903324,-0.10337477785965388,,,
GIDAE_PAIR_05,GI-DAE,GIDAE_T02,GIDAE_T04,22.0,0.0,percent_of_control,2.0,1.0,1,I_GT_J,22.0,1.0,True,-0.8755659603475365,0.08061394864425353,-0.18673619162516641,-0.21837549933422104,0.14844579456068485,0.0596655580837549,,,
GIDAE_PAIR_06,GI-DAE,GIDAE_T03,GIDAE_T04,57.6,0.0,percent_of_control,4.0,1.0,1,I_GT_J,57.6,3.0,True,-0.3058038530066578,0.03622801282960772,-0.23121706175978685,-0.21837549933422104,0.08752850845165161,0.16304033594340878,,,
GPPGM_PAIR_01,GP-PGM,GPTRC_T01,GPTRC_T02,118.3,62.9,percent_of_control,3.0,2.0,1,I_GT_J,55.4,1.0,True,0.23216217009587226,0.018992727263043935,-0.03432488650492682,0.0,-0.04500028168099535,0.14460300494074574,,0.0,-0.00990619962583228
GPPGM_PAIR_02,GP-PGM,GPTRC_T01,GPTRC_T03,118.3,122.1,percent_of_control,3.0,4.0,-1,J_GT_I,-3.799999999999997,-1.0,True,0.4038294768162449,0.001476210559054586,-0.10047507632476693,-0.041278295605858856,-0.02465318464821864,0.06957708875246355,0.039827339480958956,0.0,0.7164788198335554
GPPGM_PAIR_03,GP-PGM,GPTRC_T01,GPTRC_T04,118.3,0.0,percent_of_control,3.0,1.0,1,I_GT_J,118.3,2.0,True,0.4369125357563246,-0.009605939516724386,0.02837147213994673,-0.9214380825565912,-0.05542327958804383,0.0915738467862851,-2.9417479640596533,0.0,0.6926576841318244
GPPGM_PAIR_04,GP-PGM,GPTRC_T02,GPTRC_T03,62.9,122.1,percent_of_control,2.0,4.0,-1,J_GT_I,-59.199999999999996,-2.0,True,0.17166730672037267,-0.01751651670398935,-0.06615018981984011,-0.041278295605858856,0.020347097032776706,-0.0750259161882822,,0.0,0.7263850194593877
GPPGM_PAIR_05,GP-PGM,GPTRC_T02,GPTRC_T04,62.9,0.0,percent_of_control,2.0,1.0,1,I_GT_J,62.9,1.0,True,0.20475036566045235,-0.02859866677976832,0.06269635864487355,-0.9214380825565912,-0.010422997907048481,-0.05302915815446063,,0.0,0.7025638837576567
GPPGM_PAIR_06,GP-PGM,GPTRC_T03,GPTRC_T04,122.1,0.0,percent_of_control,4.0,1.0,1,I_GT_J,122.1,3.0,True,0.03308305894007968,-0.011082150075778972,0.12884654846471366,-0.8801597869507324,-0.030770094939825188,0.021996758033821562,-2.9815753035406125,0.0,-0.023821135701731055
RHLARHLB_PAIR_01,RHLA-RHLB,RHLARHLB_T01,RHLARHLB_T02,2.3,5.3,g/L,3.0,4.0,-1,J_GT_I,-3.0,-1.0,True,-0.11771186848202442,0.014004628403342205,0.0005268673776298582,0.5752330226364847,-0.04847679670799654,0.0525131389252996,0.010481203666311334,0.0,-0.07810381136884126
RHLARHLB_PAIR_02,RHLA-RHLB,RHLARHLB_T01,RHLARHLB_T03,2.3,0.92,g/L,3.0,2.0,1,I_GT_J,1.38,1.0,True,0.030652274537949387,0.009812325477017318,-1.1424394315705726,0.5818908122503329,-0.18293968095000235,-0.02873409719707065,-0.3650081238448736,0.0,0.319408378322237
RHLARHLB_PAIR_03,RHLA-RHLB,RHLARHLB_T01,RHLARHLB_T04,2.3,NA,g/L,3.0,1.0,1,I_GT_J,,2.0,True,-0.22424310825565952,0.00753082607459387,-1.7412781448952064,0.5539280958721704,-0.15212323959413598,0.036802064318109146,-0.13615898142516658,0.0,0.3054383649866843
RHLARHLB_PAIR_04,RHLA-RHLB,RHLARHLB_T02,RHLARHLB_T03,5.3,0.92,g/L,4.0,2.0,1,I_GT_J,4.38,2.0,True,0.1483641430199738,-0.004192302926324887,-1.1429662989482026,0.006657789613848202,-0.1344628842420058,-0.08124723612237025,-0.3754893275111849,0.0,0.39751218969107827
RHLARHLB_PAIR_05,RHLA-RHLB,RHLARHLB_T02,RHLARHLB_T04,5.3,NA,g/L,4.0,1.0,1,I_GT_J,,3.0,True,-0.1065312397736351,-0.006473802328748335,-1.7418050122728364,-0.02130492676431425,-0.10364644288613944,-0.015711074607190456,-0.14664018509147791,0.0,0.38354217635552557
RHLARHLB_PAIR_06,RHLA-RHLB,RHLARHLB_T03,RHLARHLB_T04,0.92,NA,g/L,2.0,1.0,1,I_GT_J,,1.0,True,-0.2548953827936089,-0.002281499402423448,-0.5988387133246338,-0.02796271637816245,0.030816441355866364,0.0655361615151798,0.228849142419707,0.0,-0.0139700133355527
