topology_id,system_id,chain,component,enzyme,local_residue,canonical_residue,role,site_class,evidence_source,confidence,mapping_identity,mapping_coverage,A_O_eligibility
DPA_T01,D-PA,1,enzyme_1,PanB,I123,I112,binding,binding_or_cofactor,P31057;PDB 1M3U;PMID 12906829,high,exact_or_high_identity,near_complete,EVIDENCE_ELIGIBLE
DPA_T01,D-PA,1,enzyme_1,PanB,G125,G114,metal_binding,binding_or_cofactor,P31057;PDB 1M3U;PMID 12906829,high,exact_or_high_identity,near_complete,EVIDENCE_ELIGIBLE
DPA_T01,D-PA,1,enzyme_1,PanB,C192,C181,catalytic,catalytic,P31057;PDB 1M3U;PMID 12906829,high,exact_or_high_identity,near_complete,EVIDENCE_ELIGIBLE
DPA_T01,D-PA,2,enzyme_2,PanC,G31,G30,ATP_binding,binding_or_cofactor,P31663;PDB 1IHO;PMID 11377204,high,exact_or_high_identity,near_complete,EVIDENCE_ELIGIBLE
DPA_T01,D-PA,2,enzyme_2,PanC,M38,M37,catalytic,catalytic,P31663;PDB 1IHO;PMID 11377204,high,exact_or_high_identity,near_complete,EVIDENCE_ELIGIBLE
DPA_T01,D-PA,2,enzyme_2,PanC,P59,P58,active_pocket,binding_or_cofactor,P31663;PDB 1IHO;PMID 11377204,high,exact_or_high_identity,near_complete,EVIDENCE_ELIGIBLE
DPA_T01,D-PA,2,enzyme_2,PanC,F62,F61,substrate_binding,binding_or_cofactor,P31663;PDB 1IHO;PMID 11377204,high,exact_or_high_identity,near_complete,EVIDENCE_ELIGIBLE
DPA_T01,D-PA,2,enzyme_2,PanC,E150,E149,ATP_binding,binding_or_cofactor,P31663;PDB 1IHO;PMID 11377204,high,exact_or_high_identity,near_complete,EVIDENCE_ELIGIBLE
DPA_T01,D-PA,2,enzyme_2,PanC,F153,F152,ATP_binding,binding_or_cofactor,P31663;PDB 1IHO;PMID 11377204,high,exact_or_high_identity,near_complete,EVIDENCE_ELIGIBLE
DPA_T01,D-PA,2,enzyme_2,PanC,L156,L155,substrate_binding,binding_or_cofactor,P31663;PDB 1IHO;PMID 11377204,high,exact_or_high_identity,near_complete,EVIDENCE_ELIGIBLE
DPA_T02,D-PA,1,enzyme_1,PanB,I123,I112,binding,binding_or_cofactor,P31057;PDB 1M3U;PMID 12906829,high,exact_or_high_identity,near_complete,EVIDENCE_ELIGIBLE
DPA_T02,D-PA,1,enzyme_1,PanB,G125,G114,metal_binding,binding_or_cofactor,P31057;PDB 1M3U;PMID 12906829,high,exact_or_high_identity,near_complete,EVIDENCE_ELIGIBLE
DPA_T02,D-PA,1,enzyme_1,PanB,C192,C181,catalytic,catalytic,P31057;PDB 1M3U;PMID 12906829,high,exact_or_high_identity,near_complete,EVIDENCE_ELIGIBLE
DPA_T02,D-PA,2,enzyme_2,PanC,G31,G30,ATP_binding,binding_or_cofactor,P31663;PDB 1IHO;PMID 11377204,high,exact_or_high_identity,near_complete,EVIDENCE_ELIGIBLE
DPA_T02,D-PA,2,enzyme_2,PanC,M38,M37,catalytic,catalytic,P31663;PDB 1IHO;PMID 11377204,high,exact_or_high_identity,near_complete,EVIDENCE_ELIGIBLE
DPA_T02,D-PA,2,enzyme_2,PanC,P59,P58,active_pocket,binding_or_cofactor,P31663;PDB 1IHO;PMID 11377204,high,exact_or_high_identity,near_complete,EVIDENCE_ELIGIBLE
DPA_T02,D-PA,2,enzyme_2,PanC,F62,F61,substrate_binding,binding_or_cofactor,P31663;PDB 1IHO;PMID 11377204,high,exact_or_high_identity,near_complete,EVIDENCE_ELIGIBLE
DPA_T02,D-PA,2,enzyme_2,PanC,E150,E149,ATP_binding,binding_or_cofactor,P31663;PDB 1IHO;PMID 11377204,high,exact_or_high_identity,near_complete,EVIDENCE_ELIGIBLE
DPA_T02,D-PA,2,enzyme_2,PanC,F153,F152,ATP_binding,binding_or_cofactor,P31663;PDB 1IHO;PMID 11377204,high,exact_or_high_identity,near_complete,EVIDENCE_ELIGIBLE
DPA_T02,D-PA,2,enzyme_2,PanC,L156,L155,substrate_binding,binding_or_cofactor,P31663;PDB 1IHO;PMID 11377204,high,exact_or_high_identity,near_complete,EVIDENCE_ELIGIBLE
DPA_T03,D-PA,1,enzyme_1,PanB,I150,I112,binding,binding_or_cofactor,P31057;PDB 1M3U;PMID 12906829,high,exact_or_high_identity,near_complete,EVIDENCE_ELIGIBLE
DPA_T03,D-PA,1,enzyme_1,PanB,G152,G114,metal_binding,binding_or_cofactor,P31057;PDB 1M3U;PMID 12906829,high,exact_or_high_identity,near_complete,EVIDENCE_ELIGIBLE
DPA_T03,D-PA,1,enzyme_1,PanB,C219,C181,catalytic,catalytic,P31057;PDB 1M3U;PMID 12906829,high,exact_or_high_identity,near_complete,EVIDENCE_ELIGIBLE
DPA_T03,D-PA,2,enzyme_2,PanC,G97,G30,ATP_binding,binding_or_cofactor,P31663;PDB 1IHO;PMID 11377204,high,exact_or_high_identity,near_complete,EVIDENCE_ELIGIBLE
DPA_T03,D-PA,2,enzyme_2,PanC,M104,M37,catalytic,catalytic,P31663;PDB 1IHO;PMID 11377204,high,exact_or_high_identity,near_complete,EVIDENCE_ELIGIBLE
DPA_T03,D-PA,2,enzyme_2,PanC,P125,P58,active_pocket,binding_or_cofactor,P31663;PDB 1IHO;PMID 11377204,high,exact_or_high_identity,near_complete,EVIDENCE_ELIGIBLE
DPA_T03,D-PA,2,enzyme_2,PanC,F128,F61,substrate_binding,binding_or_cofactor,P31663;PDB 1IHO;PMID 11377204,high,exact_or_high_identity,near_complete,EVIDENCE_ELIGIBLE
DPA_T03,D-PA,2,enzyme_2,PanC,E216,E149,ATP_binding,binding_or_cofactor,P31663;PDB 1IHO;PMID 11377204,high,exact_or_high_identity,near_complete,EVIDENCE_ELIGIBLE
DPA_T03,D-PA,2,enzyme_2,PanC,F219,F152,ATP_binding,binding_or_cofactor,P31663;PDB 1IHO;PMID 11377204,high,exact_or_high_identity,near_complete,EVIDENCE_ELIGIBLE
DPA_T03,D-PA,2,enzyme_2,PanC,L222,L155,substrate_binding,binding_or_cofactor,P31663;PDB 1IHO;PMID 11377204,high,exact_or_high_identity,near_complete,EVIDENCE_ELIGIBLE
DPA_T04,D-PA,1,enzyme_1,PanB,I179,I112,binding,binding_or_cofactor,P31057;PDB 1M3U;PMID 12906829,high,exact_or_high_identity,near_complete,EVIDENCE_ELIGIBLE
DPA_T04,D-PA,1,enzyme_1,PanB,G181,G114,metal_binding,binding_or_cofactor,P31057;PDB 1M3U;PMID 12906829,high,exact_or_high_identity,near_complete,EVIDENCE_ELIGIBLE
DPA_T04,D-PA,1,enzyme_1,PanB,C248,C181,catalytic,catalytic,P31057;PDB 1M3U;PMID 12906829,high,exact_or_high_identity,near_complete,EVIDENCE_ELIGIBLE
DPA_T04,D-PA,2,enzyme_2,PanC,G68,G30,ATP_binding,binding_or_cofactor,P31663;PDB 1IHO;PMID 11377204,high,exact_or_high_identity,near_complete,EVIDENCE_ELIGIBLE
DPA_T04,D-PA,2,enzyme_2,PanC,M75,M37,catalytic,catalytic,P31663;PDB 1IHO;PMID 11377204,high,exact_or_high_identity,near_complete,EVIDENCE_ELIGIBLE
DPA_T04,D-PA,2,enzyme_2,PanC,P96,P58,active_pocket,binding_or_cofactor,P31663;PDB 1IHO;PMID 11377204,high,exact_or_high_identity,near_complete,EVIDENCE_ELIGIBLE
DPA_T04,D-PA,2,enzyme_2,PanC,F99,F61,substrate_binding,binding_or_cofactor,P31663;PDB 1IHO;PMID 11377204,high,exact_or_high_identity,near_complete,EVIDENCE_ELIGIBLE
DPA_T04,D-PA,2,enzyme_2,PanC,E187,E149,ATP_binding,binding_or_cofactor,P31663;PDB 1IHO;PMID 11377204,high,exact_or_high_identity,near_complete,EVIDENCE_ELIGIBLE
DPA_T04,D-PA,2,enzyme_2,PanC,F190,F152,ATP_binding,binding_or_cofactor,P31663;PDB 1IHO;PMID 11377204,high,exact_or_high_identity,near_complete,EVIDENCE_ELIGIBLE
DPA_T04,D-PA,2,enzyme_2,PanC,L193,L155,substrate_binding,binding_or_cofactor,P31663;PDB 1IHO;PMID 11377204,high,exact_or_high_identity,near_complete,EVIDENCE_ELIGIBLE
GIDAE_T01,GI-DAE,1,enzyme_1,GI,H100,H100,catalytic,catalytic,P00944;PDB 1XIB,medium,0.517,0.995,EVIDENCE_ELIGIBLE
GIDAE_T01,GI-DAE,1,enzyme_1,GI,D103,D103,catalytic,catalytic,P00944;PDB 1XIB,medium,0.517,0.995,EVIDENCE_ELIGIBLE
GIDAE_T01,GI-DAE,1,enzyme_1,GI,E231,E231,metal_binding,binding_or_cofactor,P00944;PDB 1XIB,medium,0.517,0.995,EVIDENCE_ELIGIBLE
GIDAE_T01,GI-DAE,1,enzyme_1,GI,E267,E267,metal_binding,binding_or_cofactor,P00944;PDB 1XIB,medium,0.517,0.995,EVIDENCE_ELIGIBLE
GIDAE_T01,GI-DAE,1,enzyme_1,GI,H270,H270,metal_binding,binding_or_cofactor,P00944;PDB 1XIB,medium,0.517,0.995,EVIDENCE_ELIGIBLE
GIDAE_T01,GI-DAE,1,enzyme_1,GI,D295,D295,metal_binding,binding_or_cofactor,P00944;PDB 1XIB,medium,0.517,0.995,EVIDENCE_ELIGIBLE
GIDAE_T01,GI-DAE,1,enzyme_1,GI,D306,D306,metal_binding,binding_or_cofactor,P00944;PDB 1XIB,medium,0.517,0.995,EVIDENCE_ELIGIBLE
GIDAE_T01,GI-DAE,1,enzyme_1,GI,D308,D308,metal_binding,binding_or_cofactor,P00944;PDB 1XIB,medium,0.517,0.995,EVIDENCE_ELIGIBLE
GIDAE_T01,GI-DAE,1,enzyme_1,GI,D338,D338,metal_binding,binding_or_cofactor,P00944;PDB 1XIB,medium,0.517,0.995,EVIDENCE_ELIGIBLE
GIDAE_T01,GI-DAE,2,enzyme_2,DAE,NOT_IDENTIFIABLE,NOT_IDENTIFIABLE,NOT_IDENTIFIABLE,NOT_IDENTIFIABLE,UPI000853BFFC/WP_069802472.1 exact identity but generic function; classical DAE site not conserved,not_identifiable,1.0_sequence_only,1.0_sequence_only,SCIENTIFICALLY_NOT_IDENTIFIABLE
GIDAE_T02,GI-DAE,1,enzyme_1,GI,H166,H100,catalytic,catalytic,P00944;PDB 1XIB,medium,0.517,0.995,EVIDENCE_ELIGIBLE
GIDAE_T02,GI-DAE,1,enzyme_1,GI,D169,D103,catalytic,catalytic,P00944;PDB 1XIB,medium,0.517,0.995,EVIDENCE_ELIGIBLE
GIDAE_T02,GI-DAE,1,enzyme_1,GI,E297,E231,metal_binding,binding_or_cofactor,P00944;PDB 1XIB,medium,0.517,0.995,EVIDENCE_ELIGIBLE
GIDAE_T02,GI-DAE,1,enzyme_1,GI,E333,E267,metal_binding,binding_or_cofactor,P00944;PDB 1XIB,medium,0.517,0.995,EVIDENCE_ELIGIBLE
GIDAE_T02,GI-DAE,1,enzyme_1,GI,H336,H270,metal_binding,binding_or_cofactor,P00944;PDB 1XIB,medium,0.517,0.995,EVIDENCE_ELIGIBLE
GIDAE_T02,GI-DAE,1,enzyme_1,GI,D361,D295,metal_binding,binding_or_cofactor,P00944;PDB 1XIB,medium,0.517,0.995,EVIDENCE_ELIGIBLE
GIDAE_T02,GI-DAE,1,enzyme_1,GI,D372,D306,metal_binding,binding_or_cofactor,P00944;PDB 1XIB,medium,0.517,0.995,EVIDENCE_ELIGIBLE
GIDAE_T02,GI-DAE,1,enzyme_1,GI,D374,D308,metal_binding,binding_or_cofactor,P00944;PDB 1XIB,medium,0.517,0.995,EVIDENCE_ELIGIBLE
GIDAE_T02,GI-DAE,1,enzyme_1,GI,D404,D338,metal_binding,binding_or_cofactor,P00944;PDB 1XIB,medium,0.517,0.995,EVIDENCE_ELIGIBLE
GIDAE_T02,GI-DAE,2,enzyme_2,DAE,NOT_IDENTIFIABLE,NOT_IDENTIFIABLE,NOT_IDENTIFIABLE,NOT_IDENTIFIABLE,UPI000853BFFC/WP_069802472.1 exact identity but generic function; classical DAE site not conserved,not_identifiable,1.0_sequence_only,1.0_sequence_only,SCIENTIFICALLY_NOT_IDENTIFIABLE
GIDAE_T03,GI-DAE,1,enzyme_1,GI,H100,H100,catalytic,catalytic,P00944;PDB 1XIB,medium,0.517,0.995,EVIDENCE_ELIGIBLE
GIDAE_T03,GI-DAE,1,enzyme_1,GI,D103,D103,catalytic,catalytic,P00944;PDB 1XIB,medium,0.517,0.995,EVIDENCE_ELIGIBLE
GIDAE_T03,GI-DAE,1,enzyme_1,GI,E231,E231,metal_binding,binding_or_cofactor,P00944;PDB 1XIB,medium,0.517,0.995,EVIDENCE_ELIGIBLE
GIDAE_T03,GI-DAE,1,enzyme_1,GI,E267,E267,metal_binding,binding_or_cofactor,P00944;PDB 1XIB,medium,0.517,0.995,EVIDENCE_ELIGIBLE
GIDAE_T03,GI-DAE,1,enzyme_1,GI,H270,H270,metal_binding,binding_or_cofactor,P00944;PDB 1XIB,medium,0.517,0.995,EVIDENCE_ELIGIBLE
GIDAE_T03,GI-DAE,1,enzyme_1,GI,D295,D295,metal_binding,binding_or_cofactor,P00944;PDB 1XIB,medium,0.517,0.995,EVIDENCE_ELIGIBLE
GIDAE_T03,GI-DAE,1,enzyme_1,GI,D306,D306,metal_binding,binding_or_cofactor,P00944;PDB 1XIB,medium,0.517,0.995,EVIDENCE_ELIGIBLE
GIDAE_T03,GI-DAE,1,enzyme_1,GI,D308,D308,metal_binding,binding_or_cofactor,P00944;PDB 1XIB,medium,0.517,0.995,EVIDENCE_ELIGIBLE
GIDAE_T03,GI-DAE,1,enzyme_1,GI,D338,D338,metal_binding,binding_or_cofactor,P00944;PDB 1XIB,medium,0.517,0.995,EVIDENCE_ELIGIBLE
GIDAE_T03,GI-DAE,2,enzyme_2,DAE,NOT_IDENTIFIABLE,NOT_IDENTIFIABLE,NOT_IDENTIFIABLE,NOT_IDENTIFIABLE,UPI000853BFFC/WP_069802472.1 exact identity but generic function; classical DAE site not conserved,not_identifiable,1.0_sequence_only,1.0_sequence_only,SCIENTIFICALLY_NOT_IDENTIFIABLE
GIDAE_T04,GI-DAE,1,enzyme_1,GI,H137,H100,catalytic,catalytic,P00944;PDB 1XIB,medium,0.517,0.995,EVIDENCE_ELIGIBLE
GIDAE_T04,GI-DAE,1,enzyme_1,GI,D140,D103,catalytic,catalytic,P00944;PDB 1XIB,medium,0.517,0.995,EVIDENCE_ELIGIBLE
GIDAE_T04,GI-DAE,1,enzyme_1,GI,E268,E231,metal_binding,binding_or_cofactor,P00944;PDB 1XIB,medium,0.517,0.995,EVIDENCE_ELIGIBLE
GIDAE_T04,GI-DAE,1,enzyme_1,GI,E304,E267,metal_binding,binding_or_cofactor,P00944;PDB 1XIB,medium,0.517,0.995,EVIDENCE_ELIGIBLE
GIDAE_T04,GI-DAE,1,enzyme_1,GI,H307,H270,metal_binding,binding_or_cofactor,P00944;PDB 1XIB,medium,0.517,0.995,EVIDENCE_ELIGIBLE
GIDAE_T04,GI-DAE,1,enzyme_1,GI,D332,D295,metal_binding,binding_or_cofactor,P00944;PDB 1XIB,medium,0.517,0.995,EVIDENCE_ELIGIBLE
GIDAE_T04,GI-DAE,1,enzyme_1,GI,D343,D306,metal_binding,binding_or_cofactor,P00944;PDB 1XIB,medium,0.517,0.995,EVIDENCE_ELIGIBLE
GIDAE_T04,GI-DAE,1,enzyme_1,GI,D345,D308,metal_binding,binding_or_cofactor,P00944;PDB 1XIB,medium,0.517,0.995,EVIDENCE_ELIGIBLE
GIDAE_T04,GI-DAE,1,enzyme_1,GI,D375,D338,metal_binding,binding_or_cofactor,P00944;PDB 1XIB,medium,0.517,0.995,EVIDENCE_ELIGIBLE
GIDAE_T04,GI-DAE,2,enzyme_2,DAE,NOT_IDENTIFIABLE,NOT_IDENTIFIABLE,NOT_IDENTIFIABLE,NOT_IDENTIFIABLE,UPI000853BFFC/WP_069802472.1 exact identity but generic function; classical DAE site not conserved,not_identifiable,1.0_sequence_only,1.0_sequence_only,SCIENTIFICALLY_NOT_IDENTIFIABLE
GPTRC_T01,GP-PGM,1,enzyme_1,alpha-GP,G526,G526,conserved_GT35_phosphate_region_proxy,ACTIVE_SITE_REGION_PROXY,P0AC86;P00490;PDB 1E4O;DOI 10.1021/bi00494a028,low,0.209-0.252,0.89-0.97,PROXY_BASED_LOW_CONFIDENCE
GPTRC_T01,GP-PGM,1,enzyme_1,alpha-GP,K594,K594,conserved_PLP_attachment_region_proxy,ACTIVE_SITE_REGION_PROXY,P0AC86;P00490;PDB 1E4O;DOI 10.1021/bi00494a028,low,0.209-0.252,0.89-0.97,PROXY_BASED_LOW_CONFIDENCE
GPTRC_T01,GP-PGM,2,enzyme_2,PGM,S101,S101,phosphoserine_intermediate,binding_or_cofactor,Q68BJ6,high,exact_or_high_identity,near_complete,EVIDENCE_ELIGIBLE
GPTRC_T01,GP-PGM,2,enzyme_2,PGM,D243,D243,metal_binding,binding_or_cofactor,Q68BJ6,high,exact_or_high_identity,near_complete,EVIDENCE_ELIGIBLE
GPTRC_T01,GP-PGM,2,enzyme_2,PGM,D245,D245,metal_binding,binding_or_cofactor,Q68BJ6,high,exact_or_high_identity,near_complete,EVIDENCE_ELIGIBLE
GPTRC_T01,GP-PGM,2,enzyme_2,PGM,D247,D247,metal_binding,binding_or_cofactor,Q68BJ6,high,exact_or_high_identity,near_complete,EVIDENCE_ELIGIBLE
GPTRC_T02,GP-PGM,1,enzyme_1,alpha-GP,G526,G526,conserved_GT35_phosphate_region_proxy,ACTIVE_SITE_REGION_PROXY,P0AC86;P00490;PDB 1E4O;DOI 10.1021/bi00494a028,low,0.209-0.252,0.89-0.97,PROXY_BASED_LOW_CONFIDENCE
GPTRC_T02,GP-PGM,1,enzyme_1,alpha-GP,K594,K594,conserved_PLP_attachment_region_proxy,ACTIVE_SITE_REGION_PROXY,P0AC86;P00490;PDB 1E4O;DOI 10.1021/bi00494a028,low,0.209-0.252,0.89-0.97,PROXY_BASED_LOW_CONFIDENCE
GPTRC_T02,GP-PGM,2,enzyme_2,PGM,S101,S101,phosphoserine_intermediate,binding_or_cofactor,Q68BJ6,high,exact_or_high_identity,near_complete,EVIDENCE_ELIGIBLE
GPTRC_T02,GP-PGM,2,enzyme_2,PGM,D243,D243,metal_binding,binding_or_cofactor,Q68BJ6,high,exact_or_high_identity,near_complete,EVIDENCE_ELIGIBLE
GPTRC_T02,GP-PGM,2,enzyme_2,PGM,D245,D245,metal_binding,binding_or_cofactor,Q68BJ6,high,exact_or_high_identity,near_complete,EVIDENCE_ELIGIBLE
GPTRC_T02,GP-PGM,2,enzyme_2,PGM,D247,D247,metal_binding,binding_or_cofactor,Q68BJ6,high,exact_or_high_identity,near_complete,EVIDENCE_ELIGIBLE
GPTRC_T03,GP-PGM,1,enzyme_1,alpha-GP,G564,G526,conserved_GT35_phosphate_region_proxy,ACTIVE_SITE_REGION_PROXY,P0AC86;P00490;PDB 1E4O;DOI 10.1021/bi00494a028,low,0.209-0.252,0.89-0.97,PROXY_BASED_LOW_CONFIDENCE
GPTRC_T03,GP-PGM,1,enzyme_1,alpha-GP,K632,K594,conserved_PLP_attachment_region_proxy,ACTIVE_SITE_REGION_PROXY,P0AC86;P00490;PDB 1E4O;DOI 10.1021/bi00494a028,low,0.209-0.252,0.89-0.97,PROXY_BASED_LOW_CONFIDENCE
GPTRC_T03,GP-PGM,2,enzyme_2,PGM,S168,S101,phosphoserine_intermediate,binding_or_cofactor,Q68BJ6,high,exact_or_high_identity,near_complete,EVIDENCE_ELIGIBLE
GPTRC_T03,GP-PGM,2,enzyme_2,PGM,D310,D243,metal_binding,binding_or_cofactor,Q68BJ6,high,exact_or_high_identity,near_complete,EVIDENCE_ELIGIBLE
GPTRC_T03,GP-PGM,2,enzyme_2,PGM,D312,D245,metal_binding,binding_or_cofactor,Q68BJ6,high,exact_or_high_identity,near_complete,EVIDENCE_ELIGIBLE
GPTRC_T03,GP-PGM,2,enzyme_2,PGM,D314,D247,metal_binding,binding_or_cofactor,Q68BJ6,high,exact_or_high_identity,near_complete,EVIDENCE_ELIGIBLE
GPTRC_T04,GP-PGM,1,enzyme_1,alpha-GP,G593,G526,conserved_GT35_phosphate_region_proxy,ACTIVE_SITE_REGION_PROXY,P0AC86;P00490;PDB 1E4O;DOI 10.1021/bi00494a028,low,0.209-0.252,0.89-0.97,PROXY_BASED_LOW_CONFIDENCE
GPTRC_T04,GP-PGM,1,enzyme_1,alpha-GP,K661,K594,conserved_PLP_attachment_region_proxy,ACTIVE_SITE_REGION_PROXY,P0AC86;P00490;PDB 1E4O;DOI 10.1021/bi00494a028,low,0.209-0.252,0.89-0.97,PROXY_BASED_LOW_CONFIDENCE
GPTRC_T04,GP-PGM,2,enzyme_2,PGM,S139,S101,phosphoserine_intermediate,binding_or_cofactor,Q68BJ6,high,exact_or_high_identity,near_complete,EVIDENCE_ELIGIBLE
GPTRC_T04,GP-PGM,2,enzyme_2,PGM,D281,D243,metal_binding,binding_or_cofactor,Q68BJ6,high,exact_or_high_identity,near_complete,EVIDENCE_ELIGIBLE
GPTRC_T04,GP-PGM,2,enzyme_2,PGM,D283,D245,metal_binding,binding_or_cofactor,Q68BJ6,high,exact_or_high_identity,near_complete,EVIDENCE_ELIGIBLE
GPTRC_T04,GP-PGM,2,enzyme_2,PGM,D285,D247,metal_binding,binding_or_cofactor,Q68BJ6,high,exact_or_high_identity,near_complete,EVIDENCE_ELIGIBLE
RHLARHLB_T01,RHLA-RHLB,1,enzyme_1,RhlA,W103,W102,catalytic_nucleophile,catalytic,Q51559;PDB 8IK2;DOI 10.1021/acscatal.3c00046,high,exact_or_high_identity,near_complete,EVIDENCE_ELIGIBLE
RHLARHLB_T01,RHLA-RHLB,1,enzyme_1,RhlA,E224,E223,catalytic_acid,catalytic,Q51559;PDB 8IK2;DOI 10.1021/acscatal.3c00046,high,exact_or_high_identity,near_complete,EVIDENCE_ELIGIBLE
RHLARHLB_T01,RHLA-RHLB,1,enzyme_1,RhlA,F252,F251,catalytic_base,catalytic,Q51559;PDB 8IK2;DOI 10.1021/acscatal.3c00046,high,exact_or_high_identity,near_complete,EVIDENCE_ELIGIBLE
RHLARHLB_T01,RHLA-RHLB,2,enzyme_2,RhlB,S10,S10,hypothesized_catalytic_region,ACTIVE_SITE_REGION_PROXY,DOI 10.3390/pr14101577;Q9HYD1;AlphaFold AF-Q9HYD1-F1,low,NA,NA,PROXY_BASED_LOW_CONFIDENCE
RHLARHLB_T01,RHLA-RHLB,2,enzyme_2,RhlB,D13,D13,hypothesized_hydrogen_bond_network,ACTIVE_SITE_REGION_PROXY,DOI 10.3390/pr14101577;Q9HYD1;AlphaFold AF-Q9HYD1-F1,low,NA,NA,PROXY_BASED_LOW_CONFIDENCE
RHLARHLB_T01,RHLA-RHLB,2,enzyme_2,RhlB,F15,F15,predicted_5A_pocket,ACTIVE_SITE_REGION_PROXY,DOI 10.3390/pr14101577;Q9HYD1;AlphaFold AF-Q9HYD1-F1,low,NA,NA,PROXY_BASED_LOW_CONFIDENCE
RHLARHLB_T01,RHLA-RHLB,2,enzyme_2,RhlB,P16,P16,predicted_5A_pocket,ACTIVE_SITE_REGION_PROXY,DOI 10.3390/pr14101577;Q9HYD1;AlphaFold AF-Q9HYD1-F1,low,NA,NA,PROXY_BASED_LOW_CONFIDENCE
RHLARHLB_T01,RHLA-RHLB,2,enzyme_2,RhlB,V128,V128,predicted_5A_pocket,ACTIVE_SITE_REGION_PROXY,DOI 10.3390/pr14101577;Q9HYD1;AlphaFold AF-Q9HYD1-F1,low,NA,NA,PROXY_BASED_LOW_CONFIDENCE
RHLARHLB_T01,RHLA-RHLB,2,enzyme_2,RhlB,L229,L229,predicted_5A_pocket,ACTIVE_SITE_REGION_PROXY,DOI 10.3390/pr14101577;Q9HYD1;AlphaFold AF-Q9HYD1-F1,low,NA,NA,PROXY_BASED_LOW_CONFIDENCE
RHLARHLB_T01,RHLA-RHLB,2,enzyme_2,RhlB,F230,F230,predicted_5A_pocket,ACTIVE_SITE_REGION_PROXY,DOI 10.3390/pr14101577;Q9HYD1;AlphaFold AF-Q9HYD1-F1,low,NA,NA,PROXY_BASED_LOW_CONFIDENCE
RHLARHLB_T01,RHLA-RHLB,2,enzyme_2,RhlB,D231,D231,predicted_5A_pocket,ACTIVE_SITE_REGION_PROXY,DOI 10.3390/pr14101577;Q9HYD1;AlphaFold AF-Q9HYD1-F1,low,NA,NA,PROXY_BASED_LOW_CONFIDENCE
RHLARHLB_T01,RHLA-RHLB,2,enzyme_2,RhlB,G259,G259,predicted_5A_pocket,ACTIVE_SITE_REGION_PROXY,DOI 10.3390/pr14101577;Q9HYD1;AlphaFold AF-Q9HYD1-F1,low,NA,NA,PROXY_BASED_LOW_CONFIDENCE
RHLARHLB_T01,RHLA-RHLB,2,enzyme_2,RhlB,S260,S260,hypothesized_catalytic_region,ACTIVE_SITE_REGION_PROXY,DOI 10.3390/pr14101577;Q9HYD1;AlphaFold AF-Q9HYD1-F1,low,NA,NA,PROXY_BASED_LOW_CONFIDENCE
RHLARHLB_T01,RHLA-RHLB,2,enzyme_2,RhlB,L286,L286,predicted_5A_pocket,ACTIVE_SITE_REGION_PROXY,DOI 10.3390/pr14101577;Q9HYD1;AlphaFold AF-Q9HYD1-F1,low,NA,NA,PROXY_BASED_LOW_CONFIDENCE
RHLARHLB_T01,RHLA-RHLB,2,enzyme_2,RhlB,G288,G288,predicted_5A_pocket,ACTIVE_SITE_REGION_PROXY,DOI 10.3390/pr14101577;Q9HYD1;AlphaFold AF-Q9HYD1-F1,low,NA,NA,PROXY_BASED_LOW_CONFIDENCE
RHLARHLB_T01,RHLA-RHLB,2,enzyme_2,RhlB,A289,A289,predicted_5A_pocket,ACTIVE_SITE_REGION_PROXY,DOI 10.3390/pr14101577;Q9HYD1;AlphaFold AF-Q9HYD1-F1,low,NA,NA,PROXY_BASED_LOW_CONFIDENCE
RHLARHLB_T01,RHLA-RHLB,2,enzyme_2,RhlB,A305,A305,predicted_5A_pocket,ACTIVE_SITE_REGION_PROXY,DOI 10.3390/pr14101577;Q9HYD1;AlphaFold AF-Q9HYD1-F1,low,NA,NA,PROXY_BASED_LOW_CONFIDENCE
RHLARHLB_T01,RHLA-RHLB,2,enzyme_2,RhlB,Y306,Y306,predicted_5A_pocket,ACTIVE_SITE_REGION_PROXY,DOI 10.3390/pr14101577;Q9HYD1;AlphaFold AF-Q9HYD1-F1,low,NA,NA,PROXY_BASED_LOW_CONFIDENCE
RHLARHLB_T01,RHLA-RHLB,2,enzyme_2,RhlB,A307,A307,predicted_5A_pocket,ACTIVE_SITE_REGION_PROXY,DOI 10.3390/pr14101577;Q9HYD1;AlphaFold AF-Q9HYD1-F1,low,NA,NA,PROXY_BASED_LOW_CONFIDENCE
RHLARHLB_T01,RHLA-RHLB,2,enzyme_2,RhlB,P308,P308,predicted_5A_pocket,ACTIVE_SITE_REGION_PROXY,DOI 10.3390/pr14101577;Q9HYD1;AlphaFold AF-Q9HYD1-F1,low,NA,NA,PROXY_BASED_LOW_CONFIDENCE
RHLARHLB_T01,RHLA-RHLB,2,enzyme_2,RhlB,L309,L309,predicted_5A_pocket,ACTIVE_SITE_REGION_PROXY,DOI 10.3390/pr14101577;Q9HYD1;AlphaFold AF-Q9HYD1-F1,low,NA,NA,PROXY_BASED_LOW_CONFIDENCE
RHLARHLB_T01,RHLA-RHLB,2,enzyme_2,RhlB,G323,G323,predicted_5A_pocket,ACTIVE_SITE_REGION_PROXY,DOI 10.3390/pr14101577;Q9HYD1;AlphaFold AF-Q9HYD1-F1,low,NA,NA,PROXY_BASED_LOW_CONFIDENCE
RHLARHLB_T01,RHLA-RHLB,2,enzyme_2,RhlB,G324,G324,predicted_5A_pocket,ACTIVE_SITE_REGION_PROXY,DOI 10.3390/pr14101577;Q9HYD1;AlphaFold AF-Q9HYD1-F1,low,NA,NA,PROXY_BASED_LOW_CONFIDENCE
RHLARHLB_T01,RHLA-RHLB,2,enzyme_2,RhlB,I325,I325,predicted_5A_pocket,ACTIVE_SITE_REGION_PROXY,DOI 10.3390/pr14101577;Q9HYD1;AlphaFold AF-Q9HYD1-F1,low,NA,NA,PROXY_BASED_LOW_CONFIDENCE
RHLARHLB_T01,RHLA-RHLB,2,enzyme_2,RhlB,G326,G326,predicted_5A_pocket,ACTIVE_SITE_REGION_PROXY,DOI 10.3390/pr14101577;Q9HYD1;AlphaFold AF-Q9HYD1-F1,low,NA,NA,PROXY_BASED_LOW_CONFIDENCE
RHLARHLB_T01,RHLA-RHLB,2,enzyme_2,RhlB,A327,A327,predicted_5A_pocket,ACTIVE_SITE_REGION_PROXY,DOI 10.3390/pr14101577;Q9HYD1;AlphaFold AF-Q9HYD1-F1,low,NA,NA,PROXY_BASED_LOW_CONFIDENCE
RHLARHLB_T01,RHLA-RHLB,2,enzyme_2,RhlB,M328,M328,mutagenesis_supported_pocket,ACTIVE_SITE_REGION_PROXY,DOI 10.3390/pr14101577;Q9HYD1;AlphaFold AF-Q9HYD1-F1,low,NA,NA,PROXY_BASED_LOW_CONFIDENCE
RHLARHLB_T01,RHLA-RHLB,2,enzyme_2,RhlB,H345,H345,hypothesized_hydrogen_bond_network,ACTIVE_SITE_REGION_PROXY,DOI 10.3390/pr14101577;Q9HYD1;AlphaFold AF-Q9HYD1-F1,low,NA,NA,PROXY_BASED_LOW_CONFIDENCE
RHLARHLB_T01,RHLA-RHLB,2,enzyme_2,RhlB,D346,D346,predicted_5A_pocket,ACTIVE_SITE_REGION_PROXY,DOI 10.3390/pr14101577;Q9HYD1;AlphaFold AF-Q9HYD1-F1,low,NA,NA,PROXY_BASED_LOW_CONFIDENCE
RHLARHLB_T02,RHLA-RHLB,1,enzyme_1,RhlA,W103,W102,catalytic_nucleophile,catalytic,Q51559;PDB 8IK2;DOI 10.1021/acscatal.3c00046,high,exact_or_high_identity,near_complete,EVIDENCE_ELIGIBLE
RHLARHLB_T02,RHLA-RHLB,1,enzyme_1,RhlA,E224,E223,catalytic_acid,catalytic,Q51559;PDB 8IK2;DOI 10.1021/acscatal.3c00046,high,exact_or_high_identity,near_complete,EVIDENCE_ELIGIBLE
RHLARHLB_T02,RHLA-RHLB,1,enzyme_1,RhlA,F252,F251,catalytic_base,catalytic,Q51559;PDB 8IK2;DOI 10.1021/acscatal.3c00046,high,exact_or_high_identity,near_complete,EVIDENCE_ELIGIBLE
RHLARHLB_T02,RHLA-RHLB,2,enzyme_2,RhlB,S10,S10,hypothesized_catalytic_region,ACTIVE_SITE_REGION_PROXY,DOI 10.3390/pr14101577;Q9HYD1;AlphaFold AF-Q9HYD1-F1,low,NA,NA,PROXY_BASED_LOW_CONFIDENCE
RHLARHLB_T02,RHLA-RHLB,2,enzyme_2,RhlB,D13,D13,hypothesized_hydrogen_bond_network,ACTIVE_SITE_REGION_PROXY,DOI 10.3390/pr14101577;Q9HYD1;AlphaFold AF-Q9HYD1-F1,low,NA,NA,PROXY_BASED_LOW_CONFIDENCE
RHLARHLB_T02,RHLA-RHLB,2,enzyme_2,RhlB,F15,F15,predicted_5A_pocket,ACTIVE_SITE_REGION_PROXY,DOI 10.3390/pr14101577;Q9HYD1;AlphaFold AF-Q9HYD1-F1,low,NA,NA,PROXY_BASED_LOW_CONFIDENCE
RHLARHLB_T02,RHLA-RHLB,2,enzyme_2,RhlB,P16,P16,predicted_5A_pocket,ACTIVE_SITE_REGION_PROXY,DOI 10.3390/pr14101577;Q9HYD1;AlphaFold AF-Q9HYD1-F1,low,NA,NA,PROXY_BASED_LOW_CONFIDENCE
RHLARHLB_T02,RHLA-RHLB,2,enzyme_2,RhlB,V128,V128,predicted_5A_pocket,ACTIVE_SITE_REGION_PROXY,DOI 10.3390/pr14101577;Q9HYD1;AlphaFold AF-Q9HYD1-F1,low,NA,NA,PROXY_BASED_LOW_CONFIDENCE
RHLARHLB_T02,RHLA-RHLB,2,enzyme_2,RhlB,L229,L229,predicted_5A_pocket,ACTIVE_SITE_REGION_PROXY,DOI 10.3390/pr14101577;Q9HYD1;AlphaFold AF-Q9HYD1-F1,low,NA,NA,PROXY_BASED_LOW_CONFIDENCE
RHLARHLB_T02,RHLA-RHLB,2,enzyme_2,RhlB,F230,F230,predicted_5A_pocket,ACTIVE_SITE_REGION_PROXY,DOI 10.3390/pr14101577;Q9HYD1;AlphaFold AF-Q9HYD1-F1,low,NA,NA,PROXY_BASED_LOW_CONFIDENCE
RHLARHLB_T02,RHLA-RHLB,2,enzyme_2,RhlB,D231,D231,predicted_5A_pocket,ACTIVE_SITE_REGION_PROXY,DOI 10.3390/pr14101577;Q9HYD1;AlphaFold AF-Q9HYD1-F1,low,NA,NA,PROXY_BASED_LOW_CONFIDENCE
RHLARHLB_T02,RHLA-RHLB,2,enzyme_2,RhlB,G259,G259,predicted_5A_pocket,ACTIVE_SITE_REGION_PROXY,DOI 10.3390/pr14101577;Q9HYD1;AlphaFold AF-Q9HYD1-F1,low,NA,NA,PROXY_BASED_LOW_CONFIDENCE
RHLARHLB_T02,RHLA-RHLB,2,enzyme_2,RhlB,S260,S260,hypothesized_catalytic_region,ACTIVE_SITE_REGION_PROXY,DOI 10.3390/pr14101577;Q9HYD1;AlphaFold AF-Q9HYD1-F1,low,NA,NA,PROXY_BASED_LOW_CONFIDENCE
RHLARHLB_T02,RHLA-RHLB,2,enzyme_2,RhlB,L286,L286,predicted_5A_pocket,ACTIVE_SITE_REGION_PROXY,DOI 10.3390/pr14101577;Q9HYD1;AlphaFold AF-Q9HYD1-F1,low,NA,NA,PROXY_BASED_LOW_CONFIDENCE
RHLARHLB_T02,RHLA-RHLB,2,enzyme_2,RhlB,G288,G288,predicted_5A_pocket,ACTIVE_SITE_REGION_PROXY,DOI 10.3390/pr14101577;Q9HYD1;AlphaFold AF-Q9HYD1-F1,low,NA,NA,PROXY_BASED_LOW_CONFIDENCE
RHLARHLB_T02,RHLA-RHLB,2,enzyme_2,RhlB,A289,A289,predicted_5A_pocket,ACTIVE_SITE_REGION_PROXY,DOI 10.3390/pr14101577;Q9HYD1;AlphaFold AF-Q9HYD1-F1,low,NA,NA,PROXY_BASED_LOW_CONFIDENCE
RHLARHLB_T02,RHLA-RHLB,2,enzyme_2,RhlB,A305,A305,predicted_5A_pocket,ACTIVE_SITE_REGION_PROXY,DOI 10.3390/pr14101577;Q9HYD1;AlphaFold AF-Q9HYD1-F1,low,NA,NA,PROXY_BASED_LOW_CONFIDENCE
RHLARHLB_T02,RHLA-RHLB,2,enzyme_2,RhlB,Y306,Y306,predicted_5A_pocket,ACTIVE_SITE_REGION_PROXY,DOI 10.3390/pr14101577;Q9HYD1;AlphaFold AF-Q9HYD1-F1,low,NA,NA,PROXY_BASED_LOW_CONFIDENCE
RHLARHLB_T02,RHLA-RHLB,2,enzyme_2,RhlB,A307,A307,predicted_5A_pocket,ACTIVE_SITE_REGION_PROXY,DOI 10.3390/pr14101577;Q9HYD1;AlphaFold AF-Q9HYD1-F1,low,NA,NA,PROXY_BASED_LOW_CONFIDENCE
RHLARHLB_T02,RHLA-RHLB,2,enzyme_2,RhlB,P308,P308,predicted_5A_pocket,ACTIVE_SITE_REGION_PROXY,DOI 10.3390/pr14101577;Q9HYD1;AlphaFold AF-Q9HYD1-F1,low,NA,NA,PROXY_BASED_LOW_CONFIDENCE
RHLARHLB_T02,RHLA-RHLB,2,enzyme_2,RhlB,L309,L309,predicted_5A_pocket,ACTIVE_SITE_REGION_PROXY,DOI 10.3390/pr14101577;Q9HYD1;AlphaFold AF-Q9HYD1-F1,low,NA,NA,PROXY_BASED_LOW_CONFIDENCE
RHLARHLB_T02,RHLA-RHLB,2,enzyme_2,RhlB,G323,G323,predicted_5A_pocket,ACTIVE_SITE_REGION_PROXY,DOI 10.3390/pr14101577;Q9HYD1;AlphaFold AF-Q9HYD1-F1,low,NA,NA,PROXY_BASED_LOW_CONFIDENCE
RHLARHLB_T02,RHLA-RHLB,2,enzyme_2,RhlB,G324,G324,predicted_5A_pocket,ACTIVE_SITE_REGION_PROXY,DOI 10.3390/pr14101577;Q9HYD1;AlphaFold AF-Q9HYD1-F1,low,NA,NA,PROXY_BASED_LOW_CONFIDENCE
RHLARHLB_T02,RHLA-RHLB,2,enzyme_2,RhlB,I325,I325,predicted_5A_pocket,ACTIVE_SITE_REGION_PROXY,DOI 10.3390/pr14101577;Q9HYD1;AlphaFold AF-Q9HYD1-F1,low,NA,NA,PROXY_BASED_LOW_CONFIDENCE
RHLARHLB_T02,RHLA-RHLB,2,enzyme_2,RhlB,G326,G326,predicted_5A_pocket,ACTIVE_SITE_REGION_PROXY,DOI 10.3390/pr14101577;Q9HYD1;AlphaFold AF-Q9HYD1-F1,low,NA,NA,PROXY_BASED_LOW_CONFIDENCE
RHLARHLB_T02,RHLA-RHLB,2,enzyme_2,RhlB,A327,A327,predicted_5A_pocket,ACTIVE_SITE_REGION_PROXY,DOI 10.3390/pr14101577;Q9HYD1;AlphaFold AF-Q9HYD1-F1,low,NA,NA,PROXY_BASED_LOW_CONFIDENCE
RHLARHLB_T02,RHLA-RHLB,2,enzyme_2,RhlB,M328,M328,mutagenesis_supported_pocket,ACTIVE_SITE_REGION_PROXY,DOI 10.3390/pr14101577;Q9HYD1;AlphaFold AF-Q9HYD1-F1,low,NA,NA,PROXY_BASED_LOW_CONFIDENCE
RHLARHLB_T02,RHLA-RHLB,2,enzyme_2,RhlB,H345,H345,hypothesized_hydrogen_bond_network,ACTIVE_SITE_REGION_PROXY,DOI 10.3390/pr14101577;Q9HYD1;AlphaFold AF-Q9HYD1-F1,low,NA,NA,PROXY_BASED_LOW_CONFIDENCE
RHLARHLB_T02,RHLA-RHLB,2,enzyme_2,RhlB,D346,D346,predicted_5A_pocket,ACTIVE_SITE_REGION_PROXY,DOI 10.3390/pr14101577;Q9HYD1;AlphaFold AF-Q9HYD1-F1,low,NA,NA,PROXY_BASED_LOW_CONFIDENCE
RHLARHLB_T03,RHLA-RHLB,1,enzyme_1,RhlA,W140,W102,catalytic_nucleophile,catalytic,Q51559;PDB 8IK2;DOI 10.1021/acscatal.3c00046,high,exact_or_high_identity,near_complete,EVIDENCE_ELIGIBLE
RHLARHLB_T03,RHLA-RHLB,1,enzyme_1,RhlA,E261,E223,catalytic_acid,catalytic,Q51559;PDB 8IK2;DOI 10.1021/acscatal.3c00046,high,exact_or_high_identity,near_complete,EVIDENCE_ELIGIBLE
RHLARHLB_T03,RHLA-RHLB,1,enzyme_1,RhlA,F289,F251,catalytic_base,catalytic,Q51559;PDB 8IK2;DOI 10.1021/acscatal.3c00046,high,exact_or_high_identity,near_complete,EVIDENCE_ELIGIBLE
RHLARHLB_T03,RHLA-RHLB,2,enzyme_2,RhlB,S76,S10,hypothesized_catalytic_region,ACTIVE_SITE_REGION_PROXY,DOI 10.3390/pr14101577;Q9HYD1;AlphaFold AF-Q9HYD1-F1,low,NA,NA,PROXY_BASED_LOW_CONFIDENCE
RHLARHLB_T03,RHLA-RHLB,2,enzyme_2,RhlB,D79,D13,hypothesized_hydrogen_bond_network,ACTIVE_SITE_REGION_PROXY,DOI 10.3390/pr14101577;Q9HYD1;AlphaFold AF-Q9HYD1-F1,low,NA,NA,PROXY_BASED_LOW_CONFIDENCE
RHLARHLB_T03,RHLA-RHLB,2,enzyme_2,RhlB,F81,F15,predicted_5A_pocket,ACTIVE_SITE_REGION_PROXY,DOI 10.3390/pr14101577;Q9HYD1;AlphaFold AF-Q9HYD1-F1,low,NA,NA,PROXY_BASED_LOW_CONFIDENCE
RHLARHLB_T03,RHLA-RHLB,2,enzyme_2,RhlB,P82,P16,predicted_5A_pocket,ACTIVE_SITE_REGION_PROXY,DOI 10.3390/pr14101577;Q9HYD1;AlphaFold AF-Q9HYD1-F1,low,NA,NA,PROXY_BASED_LOW_CONFIDENCE
RHLARHLB_T03,RHLA-RHLB,2,enzyme_2,RhlB,V194,V128,predicted_5A_pocket,ACTIVE_SITE_REGION_PROXY,DOI 10.3390/pr14101577;Q9HYD1;AlphaFold AF-Q9HYD1-F1,low,NA,NA,PROXY_BASED_LOW_CONFIDENCE
RHLARHLB_T03,RHLA-RHLB,2,enzyme_2,RhlB,L295,L229,predicted_5A_pocket,ACTIVE_SITE_REGION_PROXY,DOI 10.3390/pr14101577;Q9HYD1;AlphaFold AF-Q9HYD1-F1,low,NA,NA,PROXY_BASED_LOW_CONFIDENCE
RHLARHLB_T03,RHLA-RHLB,2,enzyme_2,RhlB,F296,F230,predicted_5A_pocket,ACTIVE_SITE_REGION_PROXY,DOI 10.3390/pr14101577;Q9HYD1;AlphaFold AF-Q9HYD1-F1,low,NA,NA,PROXY_BASED_LOW_CONFIDENCE
RHLARHLB_T03,RHLA-RHLB,2,enzyme_2,RhlB,D297,D231,predicted_5A_pocket,ACTIVE_SITE_REGION_PROXY,DOI 10.3390/pr14101577;Q9HYD1;AlphaFold AF-Q9HYD1-F1,low,NA,NA,PROXY_BASED_LOW_CONFIDENCE
RHLARHLB_T03,RHLA-RHLB,2,enzyme_2,RhlB,G325,G259,predicted_5A_pocket,ACTIVE_SITE_REGION_PROXY,DOI 10.3390/pr14101577;Q9HYD1;AlphaFold AF-Q9HYD1-F1,low,NA,NA,PROXY_BASED_LOW_CONFIDENCE
RHLARHLB_T03,RHLA-RHLB,2,enzyme_2,RhlB,S326,S260,hypothesized_catalytic_region,ACTIVE_SITE_REGION_PROXY,DOI 10.3390/pr14101577;Q9HYD1;AlphaFold AF-Q9HYD1-F1,low,NA,NA,PROXY_BASED_LOW_CONFIDENCE
RHLARHLB_T03,RHLA-RHLB,2,enzyme_2,RhlB,L352,L286,predicted_5A_pocket,ACTIVE_SITE_REGION_PROXY,DOI 10.3390/pr14101577;Q9HYD1;AlphaFold AF-Q9HYD1-F1,low,NA,NA,PROXY_BASED_LOW_CONFIDENCE
RHLARHLB_T03,RHLA-RHLB,2,enzyme_2,RhlB,G354,G288,predicted_5A_pocket,ACTIVE_SITE_REGION_PROXY,DOI 10.3390/pr14101577;Q9HYD1;AlphaFold AF-Q9HYD1-F1,low,NA,NA,PROXY_BASED_LOW_CONFIDENCE
RHLARHLB_T03,RHLA-RHLB,2,enzyme_2,RhlB,A355,A289,predicted_5A_pocket,ACTIVE_SITE_REGION_PROXY,DOI 10.3390/pr14101577;Q9HYD1;AlphaFold AF-Q9HYD1-F1,low,NA,NA,PROXY_BASED_LOW_CONFIDENCE
RHLARHLB_T03,RHLA-RHLB,2,enzyme_2,RhlB,A371,A305,predicted_5A_pocket,ACTIVE_SITE_REGION_PROXY,DOI 10.3390/pr14101577;Q9HYD1;AlphaFold AF-Q9HYD1-F1,low,NA,NA,PROXY_BASED_LOW_CONFIDENCE
RHLARHLB_T03,RHLA-RHLB,2,enzyme_2,RhlB,Y372,Y306,predicted_5A_pocket,ACTIVE_SITE_REGION_PROXY,DOI 10.3390/pr14101577;Q9HYD1;AlphaFold AF-Q9HYD1-F1,low,NA,NA,PROXY_BASED_LOW_CONFIDENCE
RHLARHLB_T03,RHLA-RHLB,2,enzyme_2,RhlB,A373,A307,predicted_5A_pocket,ACTIVE_SITE_REGION_PROXY,DOI 10.3390/pr14101577;Q9HYD1;AlphaFold AF-Q9HYD1-F1,low,NA,NA,PROXY_BASED_LOW_CONFIDENCE
RHLARHLB_T03,RHLA-RHLB,2,enzyme_2,RhlB,P374,P308,predicted_5A_pocket,ACTIVE_SITE_REGION_PROXY,DOI 10.3390/pr14101577;Q9HYD1;AlphaFold AF-Q9HYD1-F1,low,NA,NA,PROXY_BASED_LOW_CONFIDENCE
RHLARHLB_T03,RHLA-RHLB,2,enzyme_2,RhlB,L375,L309,predicted_5A_pocket,ACTIVE_SITE_REGION_PROXY,DOI 10.3390/pr14101577;Q9HYD1;AlphaFold AF-Q9HYD1-F1,low,NA,NA,PROXY_BASED_LOW_CONFIDENCE
RHLARHLB_T03,RHLA-RHLB,2,enzyme_2,RhlB,G389,G323,predicted_5A_pocket,ACTIVE_SITE_REGION_PROXY,DOI 10.3390/pr14101577;Q9HYD1;AlphaFold AF-Q9HYD1-F1,low,NA,NA,PROXY_BASED_LOW_CONFIDENCE
RHLARHLB_T03,RHLA-RHLB,2,enzyme_2,RhlB,G390,G324,predicted_5A_pocket,ACTIVE_SITE_REGION_PROXY,DOI 10.3390/pr14101577;Q9HYD1;AlphaFold AF-Q9HYD1-F1,low,NA,NA,PROXY_BASED_LOW_CONFIDENCE
RHLARHLB_T03,RHLA-RHLB,2,enzyme_2,RhlB,I391,I325,predicted_5A_pocket,ACTIVE_SITE_REGION_PROXY,DOI 10.3390/pr14101577;Q9HYD1;AlphaFold AF-Q9HYD1-F1,low,NA,NA,PROXY_BASED_LOW_CONFIDENCE
RHLARHLB_T03,RHLA-RHLB,2,enzyme_2,RhlB,G392,G326,predicted_5A_pocket,ACTIVE_SITE_REGION_PROXY,DOI 10.3390/pr14101577;Q9HYD1;AlphaFold AF-Q9HYD1-F1,low,NA,NA,PROXY_BASED_LOW_CONFIDENCE
RHLARHLB_T03,RHLA-RHLB,2,enzyme_2,RhlB,A393,A327,predicted_5A_pocket,ACTIVE_SITE_REGION_PROXY,DOI 10.3390/pr14101577;Q9HYD1;AlphaFold AF-Q9HYD1-F1,low,NA,NA,PROXY_BASED_LOW_CONFIDENCE
RHLARHLB_T03,RHLA-RHLB,2,enzyme_2,RhlB,M394,M328,mutagenesis_supported_pocket,ACTIVE_SITE_REGION_PROXY,DOI 10.3390/pr14101577;Q9HYD1;AlphaFold AF-Q9HYD1-F1,low,NA,NA,PROXY_BASED_LOW_CONFIDENCE
RHLARHLB_T03,RHLA-RHLB,2,enzyme_2,RhlB,H411,H345,hypothesized_hydrogen_bond_network,ACTIVE_SITE_REGION_PROXY,DOI 10.3390/pr14101577;Q9HYD1;AlphaFold AF-Q9HYD1-F1,low,NA,NA,PROXY_BASED_LOW_CONFIDENCE
RHLARHLB_T03,RHLA-RHLB,2,enzyme_2,RhlB,D412,D346,predicted_5A_pocket,ACTIVE_SITE_REGION_PROXY,DOI 10.3390/pr14101577;Q9HYD1;AlphaFold AF-Q9HYD1-F1,low,NA,NA,PROXY_BASED_LOW_CONFIDENCE
RHLARHLB_T04,RHLA-RHLB,1,enzyme_1,RhlA,W169,W102,catalytic_nucleophile,catalytic,Q51559;PDB 8IK2;DOI 10.1021/acscatal.3c00046,high,exact_or_high_identity,near_complete,EVIDENCE_ELIGIBLE
RHLARHLB_T04,RHLA-RHLB,1,enzyme_1,RhlA,E290,E223,catalytic_acid,catalytic,Q51559;PDB 8IK2;DOI 10.1021/acscatal.3c00046,high,exact_or_high_identity,near_complete,EVIDENCE_ELIGIBLE
RHLARHLB_T04,RHLA-RHLB,1,enzyme_1,RhlA,F318,F251,catalytic_base,catalytic,Q51559;PDB 8IK2;DOI 10.1021/acscatal.3c00046,high,exact_or_high_identity,near_complete,EVIDENCE_ELIGIBLE
RHLARHLB_T04,RHLA-RHLB,2,enzyme_2,RhlB,S47,S10,hypothesized_catalytic_region,ACTIVE_SITE_REGION_PROXY,DOI 10.3390/pr14101577;Q9HYD1;AlphaFold AF-Q9HYD1-F1,low,NA,NA,PROXY_BASED_LOW_CONFIDENCE
RHLARHLB_T04,RHLA-RHLB,2,enzyme_2,RhlB,D50,D13,hypothesized_hydrogen_bond_network,ACTIVE_SITE_REGION_PROXY,DOI 10.3390/pr14101577;Q9HYD1;AlphaFold AF-Q9HYD1-F1,low,NA,NA,PROXY_BASED_LOW_CONFIDENCE
RHLARHLB_T04,RHLA-RHLB,2,enzyme_2,RhlB,F52,F15,predicted_5A_pocket,ACTIVE_SITE_REGION_PROXY,DOI 10.3390/pr14101577;Q9HYD1;AlphaFold AF-Q9HYD1-F1,low,NA,NA,PROXY_BASED_LOW_CONFIDENCE
RHLARHLB_T04,RHLA-RHLB,2,enzyme_2,RhlB,P53,P16,predicted_5A_pocket,ACTIVE_SITE_REGION_PROXY,DOI 10.3390/pr14101577;Q9HYD1;AlphaFold AF-Q9HYD1-F1,low,NA,NA,PROXY_BASED_LOW_CONFIDENCE
RHLARHLB_T04,RHLA-RHLB,2,enzyme_2,RhlB,V165,V128,predicted_5A_pocket,ACTIVE_SITE_REGION_PROXY,DOI 10.3390/pr14101577;Q9HYD1;AlphaFold AF-Q9HYD1-F1,low,NA,NA,PROXY_BASED_LOW_CONFIDENCE
RHLARHLB_T04,RHLA-RHLB,2,enzyme_2,RhlB,L266,L229,predicted_5A_pocket,ACTIVE_SITE_REGION_PROXY,DOI 10.3390/pr14101577;Q9HYD1;AlphaFold AF-Q9HYD1-F1,low,NA,NA,PROXY_BASED_LOW_CONFIDENCE
RHLARHLB_T04,RHLA-RHLB,2,enzyme_2,RhlB,F267,F230,predicted_5A_pocket,ACTIVE_SITE_REGION_PROXY,DOI 10.3390/pr14101577;Q9HYD1;AlphaFold AF-Q9HYD1-F1,low,NA,NA,PROXY_BASED_LOW_CONFIDENCE
RHLARHLB_T04,RHLA-RHLB,2,enzyme_2,RhlB,D268,D231,predicted_5A_pocket,ACTIVE_SITE_REGION_PROXY,DOI 10.3390/pr14101577;Q9HYD1;AlphaFold AF-Q9HYD1-F1,low,NA,NA,PROXY_BASED_LOW_CONFIDENCE
RHLARHLB_T04,RHLA-RHLB,2,enzyme_2,RhlB,G296,G259,predicted_5A_pocket,ACTIVE_SITE_REGION_PROXY,DOI 10.3390/pr14101577;Q9HYD1;AlphaFold AF-Q9HYD1-F1,low,NA,NA,PROXY_BASED_LOW_CONFIDENCE
RHLARHLB_T04,RHLA-RHLB,2,enzyme_2,RhlB,S297,S260,hypothesized_catalytic_region,ACTIVE_SITE_REGION_PROXY,DOI 10.3390/pr14101577;Q9HYD1;AlphaFold AF-Q9HYD1-F1,low,NA,NA,PROXY_BASED_LOW_CONFIDENCE
RHLARHLB_T04,RHLA-RHLB,2,enzyme_2,RhlB,L323,L286,predicted_5A_pocket,ACTIVE_SITE_REGION_PROXY,DOI 10.3390/pr14101577;Q9HYD1;AlphaFold AF-Q9HYD1-F1,low,NA,NA,PROXY_BASED_LOW_CONFIDENCE
RHLARHLB_T04,RHLA-RHLB,2,enzyme_2,RhlB,G325,G288,predicted_5A_pocket,ACTIVE_SITE_REGION_PROXY,DOI 10.3390/pr14101577;Q9HYD1;AlphaFold AF-Q9HYD1-F1,low,NA,NA,PROXY_BASED_LOW_CONFIDENCE
RHLARHLB_T04,RHLA-RHLB,2,enzyme_2,RhlB,A326,A289,predicted_5A_pocket,ACTIVE_SITE_REGION_PROXY,DOI 10.3390/pr14101577;Q9HYD1;AlphaFold AF-Q9HYD1-F1,low,NA,NA,PROXY_BASED_LOW_CONFIDENCE
RHLARHLB_T04,RHLA-RHLB,2,enzyme_2,RhlB,A342,A305,predicted_5A_pocket,ACTIVE_SITE_REGION_PROXY,DOI 10.3390/pr14101577;Q9HYD1;AlphaFold AF-Q9HYD1-F1,low,NA,NA,PROXY_BASED_LOW_CONFIDENCE
RHLARHLB_T04,RHLA-RHLB,2,enzyme_2,RhlB,Y343,Y306,predicted_5A_pocket,ACTIVE_SITE_REGION_PROXY,DOI 10.3390/pr14101577;Q9HYD1;AlphaFold AF-Q9HYD1-F1,low,NA,NA,PROXY_BASED_LOW_CONFIDENCE
RHLARHLB_T04,RHLA-RHLB,2,enzyme_2,RhlB,A344,A307,predicted_5A_pocket,ACTIVE_SITE_REGION_PROXY,DOI 10.3390/pr14101577;Q9HYD1;AlphaFold AF-Q9HYD1-F1,low,NA,NA,PROXY_BASED_LOW_CONFIDENCE
RHLARHLB_T04,RHLA-RHLB,2,enzyme_2,RhlB,P345,P308,predicted_5A_pocket,ACTIVE_SITE_REGION_PROXY,DOI 10.3390/pr14101577;Q9HYD1;AlphaFold AF-Q9HYD1-F1,low,NA,NA,PROXY_BASED_LOW_CONFIDENCE
RHLARHLB_T04,RHLA-RHLB,2,enzyme_2,RhlB,L346,L309,predicted_5A_pocket,ACTIVE_SITE_REGION_PROXY,DOI 10.3390/pr14101577;Q9HYD1;AlphaFold AF-Q9HYD1-F1,low,NA,NA,PROXY_BASED_LOW_CONFIDENCE
RHLARHLB_T04,RHLA-RHLB,2,enzyme_2,RhlB,G360,G323,predicted_5A_pocket,ACTIVE_SITE_REGION_PROXY,DOI 10.3390/pr14101577;Q9HYD1;AlphaFold AF-Q9HYD1-F1,low,NA,NA,PROXY_BASED_LOW_CONFIDENCE
RHLARHLB_T04,RHLA-RHLB,2,enzyme_2,RhlB,G361,G324,predicted_5A_pocket,ACTIVE_SITE_REGION_PROXY,DOI 10.3390/pr14101577;Q9HYD1;AlphaFold AF-Q9HYD1-F1,low,NA,NA,PROXY_BASED_LOW_CONFIDENCE
RHLARHLB_T04,RHLA-RHLB,2,enzyme_2,RhlB,I362,I325,predicted_5A_pocket,ACTIVE_SITE_REGION_PROXY,DOI 10.3390/pr14101577;Q9HYD1;AlphaFold AF-Q9HYD1-F1,low,NA,NA,PROXY_BASED_LOW_CONFIDENCE
RHLARHLB_T04,RHLA-RHLB,2,enzyme_2,RhlB,G363,G326,predicted_5A_pocket,ACTIVE_SITE_REGION_PROXY,DOI 10.3390/pr14101577;Q9HYD1;AlphaFold AF-Q9HYD1-F1,low,NA,NA,PROXY_BASED_LOW_CONFIDENCE
RHLARHLB_T04,RHLA-RHLB,2,enzyme_2,RhlB,A364,A327,predicted_5A_pocket,ACTIVE_SITE_REGION_PROXY,DOI 10.3390/pr14101577;Q9HYD1;AlphaFold AF-Q9HYD1-F1,low,NA,NA,PROXY_BASED_LOW_CONFIDENCE
RHLARHLB_T04,RHLA-RHLB,2,enzyme_2,RhlB,M365,M328,mutagenesis_supported_pocket,ACTIVE_SITE_REGION_PROXY,DOI 10.3390/pr14101577;Q9HYD1;AlphaFold AF-Q9HYD1-F1,low,NA,NA,PROXY_BASED_LOW_CONFIDENCE
RHLARHLB_T04,RHLA-RHLB,2,enzyme_2,RhlB,H382,H345,hypothesized_hydrogen_bond_network,ACTIVE_SITE_REGION_PROXY,DOI 10.3390/pr14101577;Q9HYD1;AlphaFold AF-Q9HYD1-F1,low,NA,NA,PROXY_BASED_LOW_CONFIDENCE
RHLARHLB_T04,RHLA-RHLB,2,enzyme_2,RhlB,D383,D346,predicted_5A_pocket,ACTIVE_SITE_REGION_PROXY,DOI 10.3390/pr14101577;Q9HYD1;AlphaFold AF-Q9HYD1-F1,low,NA,NA,PROXY_BASED_LOW_CONFIDENCE
