model,system,construct,predicted_win_probability,predicted_rank,observed_rank,observed_rank_score,is_predicted_top1,top1_correct,is_predicted_top2,top2_set_correct
M0_GLOBAL_PSCI_PAIRWISE,D-PA,DPA_T03,0.6964895461188322,1,2,3.0,True,False,True,False
M0_GLOBAL_PSCI_PAIRWISE,D-PA,DPA_T02,0.5743568293980816,2,3,2.0,False,False,True,False
M0_GLOBAL_PSCI_PAIRWISE,D-PA,DPA_T01,0.5547223394102471,3,1,4.0,False,False,False,False
M0_GLOBAL_PSCI_PAIRWISE,D-PA,DPA_T04,0.17443128507283903,4,4,1.0,False,False,False,False
M0_GLOBAL_PSCI_PAIRWISE,GI-DAE,GIDAE_T03,0.7478884514863829,1,1,4.0,True,True,True,False
M0_GLOBAL_PSCI_PAIRWISE,GI-DAE,GIDAE_T04,0.6853699800041541,2,4,1.0,False,False,True,False
M0_GLOBAL_PSCI_PAIRWISE,GI-DAE,GIDAE_T02,0.3948757896751219,3,3,2.0,False,False,False,False
M0_GLOBAL_PSCI_PAIRWISE,GI-DAE,GIDAE_T01,0.17186577883434115,4,2,3.0,False,False,False,False
M0_GLOBAL_PSCI_PAIRWISE,GP-PGM,GPTRC_T01,0.6705696251602821,1,2,3.0,True,False,True,False
M0_GLOBAL_PSCI_PAIRWISE,GP-PGM,GPTRC_T02,0.4956317673514182,2,3,2.0,False,False,True,False
M0_GLOBAL_PSCI_PAIRWISE,GP-PGM,GPTRC_T03,0.44735227831820956,3,1,4.0,False,False,False,False
M0_GLOBAL_PSCI_PAIRWISE,GP-PGM,GPTRC_T04,0.3864463291700903,4,4,1.0,False,False,False,False
M0_GLOBAL_PSCI_PAIRWISE,RHLA-RHLB,RHLARHLB_T02,0.8916740415331295,1,1,4.0,True,True,True,True
M0_GLOBAL_PSCI_PAIRWISE,RHLA-RHLB,RHLARHLB_T01,0.75993444980123,2,2,3.0,False,False,True,True
M0_GLOBAL_PSCI_PAIRWISE,RHLA-RHLB,RHLARHLB_T03,0.3241923155085485,3,3,2.0,False,False,False,False
M0_GLOBAL_PSCI_PAIRWISE,RHLA-RHLB,RHLARHLB_T04,0.024199193157091996,4,4,1.0,False,False,False,False
M1_LITERATURE_PRIOR,D-PA,DPA_T04,0.713649318324863,1,4,1.0,True,False,True,False
M1_LITERATURE_PRIOR,D-PA,DPA_T03,0.5837480499108446,2,2,3.0,False,False,True,False
M1_LITERATURE_PRIOR,D-PA,DPA_T02,0.41625195008915544,3,3,2.0,False,False,False,False
M1_LITERATURE_PRIOR,D-PA,DPA_T01,0.28635068167513694,4,1,4.0,False,False,False,False
M1_LITERATURE_PRIOR,GI-DAE,GIDAE_T04,0.713649318324863,1,4,1.0,True,False,True,False
M1_LITERATURE_PRIOR,GI-DAE,GIDAE_T03,0.5837480499108446,2,1,4.0,False,False,True,False
M1_LITERATURE_PRIOR,GI-DAE,GIDAE_T02,0.41625195008915544,3,3,2.0,False,False,False,False
M1_LITERATURE_PRIOR,GI-DAE,GIDAE_T01,0.28635068167513694,4,2,3.0,False,False,False,False
M1_LITERATURE_PRIOR,GP-PGM,GPTRC_T04,0.713649318324863,1,4,1.0,True,False,True,False
M1_LITERATURE_PRIOR,GP-PGM,GPTRC_T03,0.5837480499108446,2,1,4.0,False,False,True,False
M1_LITERATURE_PRIOR,GP-PGM,GPTRC_T02,0.41625195008915544,3,3,2.0,False,False,False,False
M1_LITERATURE_PRIOR,GP-PGM,GPTRC_T01,0.28635068167513694,4,2,3.0,False,False,False,False
M1_LITERATURE_PRIOR,RHLA-RHLB,RHLARHLB_T04,0.713649318324863,1,4,1.0,True,False,True,False
M1_LITERATURE_PRIOR,RHLA-RHLB,RHLARHLB_T03,0.5837480499108446,2,3,2.0,False,False,True,False
M1_LITERATURE_PRIOR,RHLA-RHLB,RHLARHLB_T02,0.41625195008915544,3,1,4.0,False,False,False,False
M1_LITERATURE_PRIOR,RHLA-RHLB,RHLARHLB_T01,0.28635068167513694,4,2,3.0,False,False,False,False
M2_PRIOR_PLUS_PSCI,D-PA,DPA_T01,0.6876742416892107,1,1,4.0,True,True,True,True
M2_PRIOR_PLUS_PSCI,D-PA,DPA_T03,0.6010605352485463,2,2,3.0,False,False,True,True
M2_PRIOR_PLUS_PSCI,D-PA,DPA_T02,0.5889839703859362,3,3,2.0,False,False,False,False
M2_PRIOR_PLUS_PSCI,D-PA,DPA_T04,0.12228125267630689,4,4,1.0,False,False,False,False
M2_PRIOR_PLUS_PSCI,GI-DAE,GIDAE_T03,0.6899847292302255,1,1,4.0,True,True,True,False
M2_PRIOR_PLUS_PSCI,GI-DAE,GIDAE_T04,0.5686972510620036,2,4,1.0,False,False,True,False
M2_PRIOR_PLUS_PSCI,GI-DAE,GIDAE_T02,0.4199769688702666,3,3,2.0,False,False,False,False
M2_PRIOR_PLUS_PSCI,GI-DAE,GIDAE_T01,0.32134105083750425,4,2,3.0,False,False,False,False
M2_PRIOR_PLUS_PSCI,GP-PGM,GPTRC_T01,0.9656542491589105,1,2,3.0,True,False,True,False
M2_PRIOR_PLUS_PSCI,GP-PGM,GPTRC_T02,0.6364648148396762,2,3,2.0,False,False,True,False
M2_PRIOR_PLUS_PSCI,GP-PGM,GPTRC_T03,0.38907841600844056,3,1,4.0,False,False,False,False
M2_PRIOR_PLUS_PSCI,GP-PGM,GPTRC_T04,0.008802519992972694,4,4,1.0,False,False,False,False
M2_PRIOR_PLUS_PSCI,RHLA-RHLB,RHLARHLB_T02,0.820253405877744,1,1,4.0,True,True,True,True
M2_PRIOR_PLUS_PSCI,RHLA-RHLB,RHLARHLB_T01,0.8182402682782822,2,2,3.0,False,False,True,True
M2_PRIOR_PLUS_PSCI,RHLA-RHLB,RHLARHLB_T03,0.3318487783841763,3,3,2.0,False,False,False,False
M2_PRIOR_PLUS_PSCI,RHLA-RHLB,RHLARHLB_T04,0.0296575474597975,4,4,1.0,False,False,False,False
M3_RANK2_SENSITIVITY,D-PA,DPA_T03,0.9698673107187084,1,2,3.0,True,False,True,True
M3_RANK2_SENSITIVITY,D-PA,DPA_T01,0.5896519287469064,2,1,4.0,False,False,True,True
M3_RANK2_SENSITIVITY,D-PA,DPA_T04,0.4239189888051236,3,4,1.0,False,False,False,False
M3_RANK2_SENSITIVITY,D-PA,DPA_T02,0.016561771729261567,4,3,2.0,False,False,False,False
M3_RANK2_SENSITIVITY,GI-DAE,GIDAE_T02,0.9862637937416125,1,3,2.0,True,False,True,False
M3_RANK2_SENSITIVITY,GI-DAE,GIDAE_T03,0.6105508850482811,2,1,4.0,False,False,True,False
M3_RANK2_SENSITIVITY,GI-DAE,GIDAE_T01,0.34657302737964574,3,2,3.0,False,False,False,False
M3_RANK2_SENSITIVITY,GI-DAE,GIDAE_T04,0.05661229383046048,4,4,1.0,False,False,False,False
M3_RANK2_SENSITIVITY,GP-PGM,GPTRC_T01,0.9827761563278763,1,2,3.0,True,False,True,False
M3_RANK2_SENSITIVITY,GP-PGM,GPTRC_T02,0.5874390412092781,2,3,2.0,False,False,True,False
M3_RANK2_SENSITIVITY,GP-PGM,GPTRC_T03,0.42266667615194126,3,1,4.0,False,False,False,False
M3_RANK2_SENSITIVITY,GP-PGM,GPTRC_T04,0.007118126310904138,4,4,1.0,False,False,False,False
M3_RANK2_SENSITIVITY,RHLA-RHLB,RHLARHLB_T03,0.9979597436728236,1,3,2.0,True,False,True,False
M3_RANK2_SENSITIVITY,RHLA-RHLB,RHLARHLB_T02,0.48193995233281645,2,1,4.0,False,False,True,False
M3_RANK2_SENSITIVITY,RHLA-RHLB,RHLARHLB_T01,0.30003390185135936,3,2,3.0,False,False,False,False
M3_RANK2_SENSITIVITY,RHLA-RHLB,RHLARHLB_T04,0.22006640214300063,4,4,1.0,False,False,False,False
M3_RANKREG_SENSITIVITY,D-PA,DPA_T03,0.9915474853741353,1,2,3.0,True,False,True,False
M3_RANKREG_SENSITIVITY,D-PA,DPA_T04,0.5120558096386815,2,4,1.0,False,False,True,False
M3_RANKREG_SENSITIVITY,D-PA,DPA_T01,0.4959440087852956,3,1,4.0,False,False,False,False
M3_RANKREG_SENSITIVITY,D-PA,DPA_T02,0.0004526962018874857,4,3,2.0,False,False,False,False
M3_RANKREG_SENSITIVITY,GI-DAE,GIDAE_T04,0.9434942983572846,1,4,1.0,True,False,True,False
M3_RANKREG_SENSITIVITY,GI-DAE,GIDAE_T01,0.63400230873339,2,2,3.0,False,False,True,False
M3_RANKREG_SENSITIVITY,GI-DAE,GIDAE_T03,0.26300863598662644,3,1,4.0,False,False,False,False
M3_RANKREG_SENSITIVITY,GI-DAE,GIDAE_T02,0.159494756922699,4,3,2.0,False,False,False,False
M3_RANKREG_SENSITIVITY,GP-PGM,GPTRC_T01,0.9876919232885575,1,2,3.0,True,False,True,False
M3_RANKREG_SENSITIVITY,GP-PGM,GPTRC_T02,0.6184818241196635,2,3,2.0,False,False,True,False
M3_RANKREG_SENSITIVITY,GP-PGM,GPTRC_T03,0.3925489269270055,3,1,4.0,False,False,False,False
M3_RANKREG_SENSITIVITY,GP-PGM,GPTRC_T04,0.0012773256647736024,4,4,1.0,False,False,False,False
M3_RANKREG_SENSITIVITY,RHLA-RHLB,RHLARHLB_T03,0.9994500581952396,1,3,2.0,True,False,True,False
M3_RANKREG_SENSITIVITY,RHLA-RHLB,RHLARHLB_T04,0.6648700526394532,2,4,1.0,False,False,True,False
M3_RANKREG_SENSITIVITY,RHLA-RHLB,RHLARHLB_T02,0.33352983369652867,3,1,4.0,False,False,False,False
M3_RANKREG_SENSITIVITY,RHLA-RHLB,RHLARHLB_T01,0.0021500554687787256,4,2,3.0,False,False,False,False
M3_SYSTEM_CONDITIONED_PSCI,D-PA,DPA_T03,0.9792975606525882,1,2,3.0,True,False,True,True
M3_SYSTEM_CONDITIONED_PSCI,D-PA,DPA_T01,0.6291644373071734,2,1,4.0,False,False,True,True
M3_SYSTEM_CONDITIONED_PSCI,D-PA,DPA_T04,0.37350972740654637,3,4,1.0,False,False,False,False
M3_SYSTEM_CONDITIONED_PSCI,D-PA,DPA_T02,0.018028274633691988,4,3,2.0,False,False,False,False
M3_SYSTEM_CONDITIONED_PSCI,GI-DAE,GIDAE_T04,0.7127167430639029,1,4,1.0,True,False,True,False
M3_SYSTEM_CONDITIONED_PSCI,GI-DAE,GIDAE_T01,0.6927839069028532,2,2,3.0,False,False,True,False
M3_SYSTEM_CONDITIONED_PSCI,GI-DAE,GIDAE_T03,0.3968749205914064,3,1,4.0,False,False,False,False
M3_SYSTEM_CONDITIONED_PSCI,GI-DAE,GIDAE_T02,0.19762442944183758,4,3,2.0,False,False,False,False
M3_SYSTEM_CONDITIONED_PSCI,GP-PGM,GPTRC_T01,0.9886831251708782,1,2,3.0,True,False,True,False
M3_SYSTEM_CONDITIONED_PSCI,GP-PGM,GPTRC_T02,0.5983766334190221,2,3,2.0,False,False,True,False
M3_SYSTEM_CONDITIONED_PSCI,GP-PGM,GPTRC_T03,0.41233028289901097,3,1,4.0,False,False,False,False
M3_SYSTEM_CONDITIONED_PSCI,GP-PGM,GPTRC_T04,0.000609958511088656,4,4,1.0,False,False,False,False
M3_SYSTEM_CONDITIONED_PSCI,RHLA-RHLB,RHLARHLB_T03,0.9725834792703155,1,3,2.0,True,False,True,False
M3_SYSTEM_CONDITIONED_PSCI,RHLA-RHLB,RHLARHLB_T04,0.6939942014223819,2,4,1.0,False,False,True,False
M3_SYSTEM_CONDITIONED_PSCI,RHLA-RHLB,RHLARHLB_T02,0.3098684656594751,3,1,4.0,False,False,False,False
M3_SYSTEM_CONDITIONED_PSCI,RHLA-RHLB,RHLARHLB_T01,0.023553853647827583,4,2,3.0,False,False,False,False
